age,gender,profiles,cases,score,Output
33,Female,9,0,4.1,6
65,Male,9,0,4.1,6
59,Female,9,0,4.1,6
33,Female,10,6,4.1,6
65,Male,10,6,4.1,6
59,Female,10,6,4.1,6
33,Female,11,17,4.1,6
33,Female,11,14,4.1,3
65,Male,11,17,4.1,6
65,Male,11,14,4.1,3
59,Female,11,17,4.1,6
59,Female,11,14,4.1,3
,Female,1,0,4,6
28,Female,1,0,4,6
50,Female,1,0,4,6
30,Female,1,0,4,6
31,Male,1,0,4,6
55,Female,1,0,4,6
,Female,2,1,4,3
28,Female,2,1,4,3
50,Female,2,1,4,3
30,Female,2,1,4,3
31,Male,2,1,4,3
55,Female,2,1,4,3
45,Male,7,0,5,6
50,Male,7,0,5,6
43,Female,7,0,5,6
,Female,7,0,5,6
16,Male,7,0,5,6
45,Male,8,6,5,6
45,Male,8,3,5,3
50,Male,8,6,5,6
50,Male,8,3,5,3
43,Female,8,6,5,6
43,Female,8,3,5,3
,Female,8,6,5,6
,Female,8,3,5,3
16,Male,8,6,5,6
16,Male,8,3,5,3
69,Female,8,12,5,3
12,Female,8,12,5,3
43,Female,8,12,5,3
,Female,8,12,5,3
27,Male,3,0,,6
27,Female,3,0,,6
19,Female,1,0,,6
13,Male,5,0,5,6
,Male,5,0,5,6
43,Male,5,0,5,6
,Female,5,0,5,6
35,Female,5,0,5,6
,,2,0,,6
65,Female,6,0,4.2,6
70,Male,6,0,4.2,6
12,Male,6,0,4.2,6
40,Female,6,0,4.2,6
,Female,6,0,4.2,6
42,Male,6,0,4.2,6
38,Male,4,0,,6
,Female,4,0,,6
26,Male,7,15,4.4,3
26,Male,7,4,4.4,6
26,Male,7,0,4.4,6
55,Male,7,15,4.4,3
55,Male,7,4,4.4,6
55,Male,7,0,4.4,6
26,Female,7,15,4.4,3
26,Female,7,4,4.4,6
26,Female,7,0,4.4,6
21,Female,7,15,4.4,3
21,Female,7,4,4.4,6
21,Female,7,0,4.4,6
52,Female,7,15,4.4,3
52,Female,7,4,4.4,6
52,Female,7,0,4.4,6
52,,7,15,4.4,3
52,,7,4,4.4,6
52,,7,0,4.4,6
20,Female,2,0,5,3
25,Male,2,0,5,3
33,Male,2,0,5,3
26,,2,0,5,3
20,Female,3,13,5,1
25,Male,3,13,5,1
33,Male,3,13,5,1
26,,3,13,5,1
40,Male,1,0,,1
40,Male,1,0,,6
34,Male,7,0,5,6
28,Female,7,0,5,6
34,Male,4,0,,6
34,Male,5,1,,3
,Female,4,1,5,6
33,Female,4,1,5,6
33,Male,4,1,5,6
37,Male,3,0,5,6
,Male,3,0,5,6
66,Female,3,0,5,6
74,Female,3,0,5,6
38,Male,3,0,5,6
37,Male,13,5,5,1
,Male,13,5,5,1
66,Female,13,5,5,1
74,Female,13,5,5,1
38,Male,13,5,5,1
,Male,4,5,,3
33,Female,4,5,,3
15,Male,3,1,,1
11,Female,3,1,,1
39,Female,3,0,5,6
40,Male,3,0,5,6
,Female,3,0,5,6
39,Female,5,3,5,1
40,Male,5,3,5,1
,Female,5,3,5,1
,,3,0,,6
34,Male,4,0,,1
,Female,2,0,,1
,,1,0,,6
31,Male,4,1,4,3
31,Male,5,1,4,1
31,Male,3,0,2.7,6
30,Female,3,0,2.7,6
13,Male,4,5,4.8,6
13,Male,4,0,4.8,6
42,Male,4,5,4.8,6
42,Male,4,0,4.8,6
42,Female,4,5,4.8,6
42,Female,4,0,4.8,6
13,Male,5,14,4.8,3
42,Male,5,14,4.8,3
42,Female,5,14,4.8,3
52,Female,2,0,,6
26,Female,3,0,4.5,6
33,Male,3,0,4.5,6
47,Female,3,0,4.5,6
,Female,3,0,4,6
11,Male,3,0,4,6
64,Female,3,0,4,6
70,Male,3,0,4,6
11,Female,3,0,4,6
,Female,5,10,4,3
11,Male,5,10,4,3
64,Female,5,10,4,3
70,Male,5,10,4,3
11,Female,5,10,4,3
,Female,6,16,4,3
11,Male,6,16,4,3
64,Female,6,16,4,3
70,Male,6,16,4,3
11,Female,6,16,4,3
36,Female,1,0,4,6
36,Female,2,5,4,3
36,Female,2,4,4,3
40,Female,2,2,5,3
42,Male,2,2,5,3
,Female,2,2,5,3
42,Male,2,0,,6
26,Male,1,0,5,6
22,Male,1,0,5,6
58,Male,1,0,5,6
49,Female,1,0,5,6
28,Female,1,0,5,6
77,Female,1,0,5,6
26,Male,3,2,5,6
26,Male,3,1,5,3
22,Male,3,2,5,6
58,Male,3,2,5,6
22,Male,3,1,5,3
58,Male,3,1,5,3
49,Female,3,2,5,6
28,Female,3,2,5,6
49,Female,3,1,5,3
28,Female,3,1,5,3
77,Female,3,2,5,6
77,Female,3,1,5,3
24,Female,2,0,,1
40,Female,1,0,,1
42,Male,1,0,,1
34,Male,3,0,5,6
55,Male,5,0,,1
,Female,3,0,,1
35,Female,2,0,,1
36,Male,2,0,,1
60,Female,2,0,,1
31,Male,1,0,5,3
61,Female,1,0,5,3
62,Male,1,0,5,3
31,Male,3,12,5,3
61,Female,3,12,5,3
62,Male,3,12,5,3
32,Female,2,1,,3
,Male,2,1,,3
59,Female,2,1,,1
31,Male,2,1,,1
28,Female,2,5,4.5,1
33,Male,2,0,,1
77,Female,2,0,,1
,Male,2,0,,1
26,Male,3,2,,3
28,Female,3,2,,3
25,Female,3,0,,1
48,Male,3,0,,1
34,Male,1,0,,1
26,Female,1,0,,1
56,Female,1,0,,1
,,5,0,,6
,,2,0,,1
57,Female,3,0,,1
,Male,3,0,,1
36,Male,4,4,,1
39,Female,4,4,,1
12,Male,4,4,,1
21,Female,2,0,5,1
25,Female,1,1,,1
27,Male,1,1,,1
21,Male,3,0,,1
33,Female,2,3,2.5,3
,,8,0,,6
39,Male,2,1,3,6
33,Female,2,1,3,6
72,Male,1,2,5,6
72,Male,1,0,5,3
30,Female,3,4,4.5,1
27,Male,3,4,4.5,1
,Male,4,8,5,3
36,Male,4,8,5,3
33,Male,4,8,5,3
55,Male,4,8,5,3
31,Female,4,8,5,3
44,Female,3,0,5,6
47,Male,3,0,5,6
69,Female,3,0,5,6
15,Male,3,0,5,6
44,Female,7,11,5,3
47,Male,7,11,5,3
,Female,7,11,5,3
69,Female,7,11,5,3
15,Male,7,11,5,3
29,Female,1,0,,6
30,Male,1,0,,6
29,Male,1,0,5,3
36,Male,3,0,3.3,3
38,Female,3,0,3.3,3
65,Male,6,4,,1
54,Female,6,4,,1
31,Male,6,4,,1
22,Female,6,4,,1
29,Female,6,4,,1
,Male,3,1,,1
44,Female,3,1,,1
27,Female,2,2,5,1
33,Female,2,2,5,1
33,Male,2,2,5,1
83,Female,3,0,,6
46,Female,3,0,,6
52,Male,3,0,,6
78,Female,3,0,,6
20,Male,3,0,,6
83,Female,6,12,,1
83,Female,6,2,,3
46,Female,6,12,,1
46,Female,6,2,,3
52,Male,6,12,,1
52,Male,6,2,,3
78,Female,6,12,,1
78,Female,6,2,,3
20,Male,6,12,,1
20,Male,6,2,,3
30,Female,1,0,,1
31,Male,2,12,5,1
28,Male,1,0,4,6
30,Male,2,0,,1
30,Male,1,0,,1
32,Female,2,0,,6
29,Male,1,0,,3
27,Male,2,0,5,3
,,1,0,,3
27,Male,1,1,4,1
26,Female,1,1,4,1
25,Female,1,1,4,1
69,Male,3,3,5,1
35,Female,3,3,5,1
69,Male,3,1,,1
26,Female,3,1,,1
80,Male,3,1,,1
55,Female,3,1,,1
27,Female,1,0,5,6
28,Male,1,0,5,6
17,Female,1,0,5,6
35,Male,1,0,,1
28,Male,7,0,,6
27,Female,7,0,,6
31,Female,3,0,4,6
26,Female,3,0,4,6
28,Female,3,0,4,6
27,Female,3,0,4,6
31,Female,5,9,4,1
26,Female,5,9,4,1
31,Female,5,6,4,3
26,Female,5,6,4,3
28,Female,5,9,4,1
28,Female,5,6,4,3
27,Female,5,9,4,1
27,Female,5,6,4,3
35,Male,1,1,5,1
43,Male,2,0,,6
25,Male,2,0,,1
24,Female,1,1,4,6
,Female,1,1,4,6
22,Male,1,1,4,6
45,Female,1,1,4,6
31,Male,1,1,4,6
51,Female,1,1,4,6
25,Male,1,1,4,6
24,Female,5,33,4,3
,Female,5,33,4,3
22,Male,5,33,4,3
45,Female,5,33,4,3
31,Male,5,33,4,3
51,Female,5,33,4,3
25,Male,5,33,4,3
24,Female,7,39,4,6
,Female,7,39,4,6
22,Male,7,39,4,6
45,Female,7,39,4,6
31,Male,7,39,4,6
51,Female,7,39,4,6
25,Male,7,39,4,6
32,Male,4,3,5,1
65,Male,5,0,5,6
31,Female,5,0,5,6
57,Male,5,0,5,6
30,Male,5,0,5,6
78,Female,5,0,5,6
55,Female,5,0,5,6
,Male,8,14,5,3
65,Male,8,14,5,3
31,Female,8,14,5,3
57,Male,8,14,5,3
30,Male,8,14,5,3
78,Female,8,14,5,3
55,Female,8,14,5,3
31,Male,2,0,5,6
,Female,4,22,5,3
,Female,4,12,5,3
,Female,4,4,5,3
73,Male,4,22,5,3
73,Male,4,12,5,3
73,Male,4,4,5,3
43,Male,4,22,5,3
43,Male,4,12,5,3
43,Male,4,4,5,3
35,Female,4,22,5,3
35,Female,4,12,5,3
35,Female,4,4,5,3
29,Female,2,3,5,3
28,Male,2,3,5,3
23,Female,4,4,5,3
41,Male,1,1,5,3
28,Male,1,0,,1
,Female,2,0,4,6
38,Female,2,0,4,6
33,Female,5,1,,3
59,Female,5,1,,3
67,Female,3,3,5,1
29,Male,3,3,5,1
31,Female,3,3,5,1
42,Male,4,0,,1
34,Female,4,0,,1
29,Male,2,0,,1
54,Female,2,0,,1
30,Female,2,0,,3
52,Male,2,0,,1
67,Female,2,0,,1
41,Male,2,0,4.8,3
,Male,2,0,4.8,3
41,Male,3,6,4.8,3
,Male,3,6,4.8,3
27,Female,1,0,5,3
29,Female,3,0,,1
33,Male,3,0,,1
31,Female,4,0,,1
33,Male,4,0,,1
40,Male,4,2,5,6
34,Male,4,2,5,6
65,Female,4,2,5,6
,,4,0,,1
,Male,6,3,3.9,3
39,Male,6,3,3.9,3
35,Female,6,3,3.9,3
63,Female,6,3,3.9,3
41,Male,2,1,,1
41,Female,2,1,,1
,Female,4,36,4.2,3
,Female,4,24,4.2,3
,Female,4,1,4.2,3
30,Male,4,36,4.2,3
30,Male,4,24,4.2,3
30,Male,4,1,4.2,3
30,Female,4,36,4.2,3
30,Female,4,24,4.2,3
30,Female,4,1,4.2,3
57,Male,4,36,4.2,3
53,Female,4,36,4.2,3
57,Male,4,24,4.2,3
53,Female,4,24,4.2,3
57,Male,4,1,4.2,3
53,Female,4,1,4.2,3
,Male,4,36,4.2,3
,Male,4,24,4.2,3
,Male,4,1,4.2,3
29,Female,6,0,,1
,Male,3,0,4.3,6
35,Female,3,0,4.3,6
36,Male,3,0,4.3,6
38,Male,3,0,4.3,6
58,Female,3,0,4.3,6
,Male,4,13,4.3,6
35,Female,4,13,4.3,6
36,Male,4,13,4.3,6
38,Male,4,13,4.3,6
58,Female,4,13,4.3,6
30,Female,4,2,,1
50,,4,2,,1
,Male,3,0,3.3,6
12,Male,3,0,3.3,6
20,Female,3,0,3.3,6
51,Female,3,0,3.3,6
33,Male,3,0,3.3,6
57,Female,3,0,3.3,6
28,Female,3,0,3.3,6
13,Female,3,0,3.3,6
22,Male,3,0,3.3,6
,Male,13,47,3.3,1
12,Male,13,47,3.3,1
20,Female,13,47,3.3,1
51,Female,13,47,3.3,1
33,Male,13,47,3.3,1
57,Female,13,47,3.3,1
28,Female,13,47,3.3,1
13,Female,13,47,3.3,1
22,Male,13,47,3.3,1
30,Female,1,0,5,6
,Female,1,0,5,6
66,Male,1,0,5,6
31,Male,1,0,5,6
,Male,1,0,5,6
30,Female,16,8,5,3
,Female,16,8,5,3
66,Male,16,8,5,3
31,Male,16,8,5,3
,Male,16,8,5,3
30,Female,17,16,5,6
,Female,17,16,5,6
66,Male,17,16,5,6
31,Male,17,16,5,6
,Male,17,16,5,6
46,Female,1,0,,1
19,Male,1,0,,1
22,Female,1,0,,1
24,Male,1,0,,1
28,Female,2,0,,1
83,Female,3,2,5,3
37,Female,3,2,5,3
84,Male,3,2,5,3
43,Male,3,2,5,3
83,Female,4,11,5,6
37,Female,4,11,5,6
84,Male,4,11,5,6
43,Male,4,11,5,6
17,Male,1,2,4.7,3
46,Female,1,2,4.7,3
47,Male,1,2,4.7,3
42,Male,1,0,5,6
33,Male,4,5,4.3,1
,Male,4,5,4.3,1
30,Female,4,5,4.3,1
32,Female,3,0,,1
65,Male,3,0,,1
25,Male,3,0,,1
24,Male,3,0,,1
48,Female,3,0,,1
28,Male,3,0,,1
64,Male,3,0,,1
45,Male,1,0,5,1
47,Male,1,0,5,1
23,Female,1,0,5,1
23,Male,1,0,5,1
32,Male,2,1,,3
33,Female,2,1,,3
33,Female,3,0,4,6
34,Male,3,0,4,6
33,Female,4,4,4,1
34,Male,4,4,4,1
,Female,4,4,4,1
49,Female,3,0,5,6
54,Female,3,0,5,6
28,Female,3,0,5,6
,Male,2,0,5,1
26,Male,2,0,5,1
27,Female,2,0,5,1
31,Male,2,1,5,1
30,Female,2,1,5,1
31,Male,1,1,5,3
27,Female,3,2,,3
32,Male,3,2,,3
27,Male,1,0,4.5,6
27,Male,4,7,4.5,3
41,Female,3,0,5,6
42,Male,3,0,5,6
30,Female,3,0,5,6
14,Male,3,0,5,6
41,Female,8,9,5,1
42,Male,8,9,5,1
66,Female,8,9,5,1
30,Female,8,9,5,1
14,Male,8,9,5,1
30,Male,3,0,1,6
50,Male,3,0,1,6
28,Female,3,0,1,6
43,Male,2,1,,3
75,Male,2,1,,3
53,Male,2,1,,3
50,Female,2,1,,3
35,Male,2,1,,3
,Female,1,0,,6
28,Female,3,1,,1
60,Female,3,1,,1
66,Male,2,0,5,6
35,Male,2,0,5,6
28,Female,1,0,5,3
28,Male,1,0,5,3
27,Female,2,4,5,1
28,Female,2,4,5,1
28,Male,2,4,5,1
25,Male,1,0,5,6
67,Male,2,0,,6
36,Female,3,0,,1
25,Female,2,0,,1
40,Female,3,0,3.3,6
42,Female,3,0,3.3,6
43,Male,3,0,3.3,6
40,Female,5,5,3.3,3
13,Female,5,5,3.3,3
,Male,5,5,3.3,3
42,Female,5,5,3.3,3
43,Male,5,5,3.3,3
40,Female,7,15,3.3,1
13,Female,7,15,3.3,1
,Male,7,15,3.3,1
42,Female,7,15,3.3,1
43,Male,7,15,3.3,1
,Male,1,0,,6
79,Male,3,2,5,1
28,Male,3,2,5,1
35,Female,1,1,,1
33,Female,2,0,,6
31,Female,1,0,,1
43,Male,1,2,5,1
43,Male,1,1,5,3
32,Female,1,4,4,1
29,Male,1,1,1,1
50,Female,1,1,1,1
22,Male,1,1,1,1
22,Female,1,1,1,1
42,Male,4,0,,6
,Female,4,3,,3
36,Male,4,3,,3
35,Female,4,3,,3
50,Female,3,2,5,1
50,Female,3,1,5,3
,Male,1,1,,3
41,Male,1,1,,3
36,Female,1,0,5,1
,Female,2,1,,3
40,Male,2,1,,3
38,Female,2,1,,3
29,Male,1,0,4.3,6
65,Male,1,0,4.3,6
54,Male,1,0,4.3,6
,Male,1,0,4.3,6
28,Female,1,0,4.3,6
55,Female,1,0,4.3,6
29,Male,3,8,4.3,6
65,Male,3,8,4.3,6
54,Male,3,8,4.3,6
,Male,3,8,4.3,6
28,Female,3,8,4.3,6
55,Female,3,8,4.3,6
29,Male,4,27,4.3,6
65,Male,4,27,4.3,6
54,Male,4,27,4.3,6
,Male,4,27,4.3,6
28,Female,4,27,4.3,6
55,Female,4,27,4.3,6
33,Female,2,0,3.7,3
74,Male,2,0,3.7,3
67,Male,2,0,3.7,3
53,Female,2,0,3.7,3
33,Male,2,0,3.7,3
,Male,2,0,3.7,3
33,Female,9,9,3.7,1
74,Male,9,9,3.7,1
67,Male,9,9,3.7,1
53,Female,9,9,3.7,1
33,Male,9,9,3.7,1
,Male,9,9,3.7,1
37,Female,2,1,,3
28,Male,1,0,,6
34,Female,1,0,5,6
34,Female,2,1,,1
40,Male,2,1,,1
22,Male,2,0,,1
48,Female,2,0,,1
34,Male,3,3,4.6,6
29,Female,3,3,4.6,6
36,Male,3,3,4.6,6
35,Female,2,0,2,1
38,Male,2,0,2,1
31,Male,1,0,4,3
30,Male,2,0,5,6
24,Female,2,0,5,6
54,Female,1,0,2.7,6
33,Male,1,0,2.7,6
32,Male,2,0,,1
27,Male,2,0,,1
14,Male,2,0,3,3
60,Female,5,3,,3
42,Male,5,3,,3
36,Female,5,3,,3
63,Male,5,3,,3
13,Male,5,3,,3
23,Female,1,1,,1
78,Female,2,0,,1
25,Female,3,1,,1
50,Male,3,1,,1
27,Female,1,0,3.5,6
28,Female,1,0,3.5,6
23,Female,2,0,3.5,6
28,Female,2,0,3.5,6
22,Male,1,1,,1
55,Male,1,1,,1
,Male,4,0,,3
32,Male,4,0,,3
30,Female,4,0,,3
67,Male,1,0,5,6
37,Female,1,0,5,6
55,Female,1,0,5,6
67,Male,1,0,4.2,6
,Female,1,0,4.2,6
29,Female,1,0,4.2,6
35,Male,1,0,4.2,6
30,Female,1,0,4.2,6
55,Female,1,0,4.2,6
58,Female,1,0,4.2,6
67,Male,9,17,4.2,6
67,Male,9,13,4.2,3
67,Male,9,7,4.2,3
,Female,9,17,4.2,6
,Female,9,13,4.2,3
,Female,9,7,4.2,3
29,Female,9,17,4.2,6
29,Female,9,13,4.2,3
29,Female,9,7,4.2,3
35,Male,9,17,4.2,6
35,Male,9,13,4.2,3
35,Male,9,7,4.2,3
30,Female,9,17,4.2,6
30,Female,9,13,4.2,3
30,Female,9,7,4.2,3
55,Female,9,17,4.2,6
55,Female,9,13,4.2,3
55,Female,9,7,4.2,3
58,Female,9,17,4.2,6
58,Female,9,13,4.2,3
58,Female,9,7,4.2,3
38,Female,2,3,3.6,6
41,Male,2,3,3.6,6
67,Female,2,3,3.6,6
38,Female,3,12,3.6,3
41,Male,3,12,3.6,3
67,Female,3,12,3.6,3
26,Female,3,0,4.8,6
29,Male,3,0,4.8,6
25,Female,3,0,4.8,6
89,Female,3,0,4.8,6
21,Male,3,0,4.8,6
28,Male,3,0,4.8,6
25,Male,3,0,4.8,6
51,Female,1,0,5,6
33,Male,4,2,3.3,3
31,Female,4,2,3.3,3
53,Female,4,2,3.3,3
,Female,4,2,3.3,3
58,Male,4,2,3.3,3
33,Male,6,14,3.3,3
33,Male,6,9,3.3,3
31,Female,6,14,3.3,3
31,Female,6,9,3.3,3
53,Female,6,14,3.3,3
53,Female,6,9,3.3,3
,Female,6,14,3.3,3
,Female,6,9,3.3,3
58,Male,6,14,3.3,3
58,Male,6,9,3.3,3
27,Female,2,0,,3
28,Female,1,0,,3
32,Male,1,0,,3
28,Female,2,2,,1
28,Female,2,1,,3
32,Male,2,2,,1
26,Male,2,0,5,6
32,Female,2,0,5,6
28,Male,2,1,,1
27,Female,2,1,,1
41,Male,2,0,,1
50,Female,6,5,5,3
74,Male,6,5,5,3
20,Female,6,5,5,3
65,Female,6,5,5,3
18,Male,1,0,,1
29,Female,2,1,5,1
30,Female,2,1,,1
58,Female,2,1,,1
37,Female,1,1,4,3
37,Female,1,0,4,3
42,Male,1,1,4,3
42,Male,1,0,4,3
38,Male,1,1,4,3
38,Male,1,0,4,3
26,Female,4,2,5,1
,Female,4,2,5,1
35,Male,4,2,5,1
31,Male,2,1,,3
22,Female,2,0,,1
,Female,3,2,4.3,1
31,Female,3,2,4.3,1
21,Male,3,2,4.3,1
24,Female,1,0,4,3
27,Male,1,0,4,3
64,Female,1,2,3.9,3
36,Male,1,2,3.9,3
,Male,1,2,3.9,3
,Female,1,2,3.9,3
35,Female,1,2,3.9,3
70,Male,1,2,3.9,3
64,Female,2,6,3.9,3
36,Male,2,6,3.9,3
,Male,2,6,3.9,3
,Female,2,6,3.9,3
35,Female,2,6,3.9,3
70,Male,2,6,3.9,3
64,Female,5,14,3.9,1
36,Male,5,14,3.9,1
,Male,5,14,3.9,1
,Female,5,14,3.9,1
35,Female,5,14,3.9,1
70,Male,5,14,3.9,1
29,Male,2,0,,6
26,Male,1,1,4.5,6
,Female,3,1,4,6
38,Male,3,1,4,6
39,Female,3,1,4,6
35,Male,2,0,4.5,3
34,Female,2,0,4.5,3
,Male,2,0,4.5,3
35,Male,5,4,4.5,3
34,Female,5,4,4.5,3
,Male,5,4,4.5,3
32,Female,1,1,3.7,6
31,Male,1,1,3.7,6
32,Female,3,14,3.7,1
31,Male,3,14,3.7,1
25,Female,2,3,3,3
25,Male,2,3,3,3
27,Male,1,0,,1
24,Female,1,0,,1
24,Female,2,2,,3
23,Male,2,2,,3
,Female,2,2,,3
23,Male,1,0,,1
28,Male,3,0,4,6
29,Female,3,0,4,6
27,Male,2,4,5,3
33,Male,1,0,,6
58,Female,1,0,,6
31,Female,2,2,4.6,3
,Male,2,2,4.6,3
33,Male,2,2,4.6,3
31,Male,2,2,4.6,3
37,Female,2,0,,6
31,Male,2,0,,6
,Male,2,0,,6
24,Female,2,0,,6
42,Female,2,0,,6
37,Male,2,0,,6
,Female,2,0,,6
18,Male,2,0,,6
37,Female,6,6,,6
31,Male,6,6,,6
,Male,6,6,,6
24,Female,6,6,,6
42,Female,6,6,,6
37,Male,6,6,,6
,Female,6,6,,6
18,Male,6,6,,6
19,Male,4,0,,1
,Female,2,0,,3
36,Male,2,0,,3
24,Female,3,0,5,3
18,Male,3,0,5,3
57,Male,3,0,5,3
27,Female,3,0,5,3
34,Male,1,0,5,6
37,Female,2,1,,1
37,Male,2,1,,1
30,Female,3,0,,1
,Male,3,1,5,1
38,Male,3,1,5,1
68,Female,2,1,5,6
74,Male,2,1,5,6
48,Female,2,1,5,6
68,Female,6,4,5,3
74,Male,6,4,5,3
48,Female,6,4,5,3
23,Male,1,2,5,3
23,Male,1,0,5,3
50,Female,1,2,5,3
50,Female,1,0,5,3
20,Male,3,3,,1
50,Female,3,3,,1
32,Male,2,0,3,3
48,Male,1,1,,3
48,Male,4,1,,1
46,Female,4,1,,1
12,Male,4,1,,1
,Female,3,1,,3
23,Female,3,1,,3
31,Male,3,1,,3
28,Male,1,1,,3
30,Male,1,0,4,6
36,Male,1,0,5,6
29,Male,2,0,5,6
25,Female,2,1,4,1
24,Male,2,1,4,1
28,Female,5,14,4.8,6
53,Male,5,14,4.8,6
30,Female,5,14,4.8,6
45,Male,5,14,4.8,6
27,Female,5,14,4.8,6
22,Male,1,5,,1
22,Male,1,0,,3
38,Male,4,3,3.7,6
49,Male,2,0,,1
25,Male,1,0,4,1
43,Male,2,1,4.8,6
36,Female,2,1,4.8,6
14,Male,2,1,4.8,6
43,Male,3,8,4.8,6
36,Female,3,8,4.8,6
14,Male,3,8,4.8,6
30,Female,3,1,5,1
,Female,3,1,5,1
34,Female,3,1,5,1
26,Female,2,0,5,6
,Male,2,0,,3
11,Female,4,1,4.7,3
,Female,4,1,4.7,3
74,Male,4,1,4.7,3
35,Female,4,1,4.7,3
38,Male,1,0,,1
38,Male,1,1,2,3
62,Male,3,0,,1
55,Female,3,0,,1
20,Female,3,0,,1
30,Male,3,0,,1
25,Male,2,6,,1
45,Female,2,6,,1
25,Male,1,4,4.1,1
25,Male,1,1,4.1,3
26,Female,1,1,,1
43,Male,1,2,,1
30,Female,1,2,,1
60,Male,1,2,,1
36,Male,1,8,4.4,1
36,Male,1,3,4.4,6
36,Male,1,0,4.4,3
19,Female,3,0,,3
29,Male,3,0,,3
54,Female,3,0,,3
36,Male,1,1,4,1
23,Female,3,0,2.5,1
59,Male,1,1,,1
33,Male,1,1,,1
14,Male,1,0,3,1
31,Male,1,0,3,1
21,Male,1,0,3,1
42,Male,2,1,,3
36,Female,1,2,,1
26,Female,2,4,5,1
,Female,2,4,5,1
21,Female,3,0,,1
26,Male,3,0,,1
36,Female,1,0,,3
39,Female,2,0,,1
27,Male,3,0,5,3
27,Male,6,2,5,3
28,Female,3,2,,1
33,Male,3,2,,1
57,Female,3,2,,1
48,Female,2,2,,1
24,Female,2,2,,1
17,Female,2,2,,1
52,Male,2,2,,1
,Male,4,1,3.7,3
35,Female,4,1,3.7,3
35,Male,4,1,3.7,3
58,Male,4,1,3.7,3
40,Female,4,1,3.7,3
61,Male,4,1,3.7,3
72,Female,4,1,3.7,3
,Male,7,11,3.7,3
35,Female,7,11,3.7,3
35,Male,7,11,3.7,3
58,Male,7,11,3.7,3
40,Female,7,11,3.7,3
61,Male,7,11,3.7,3
72,Female,7,11,3.7,3
23,Male,2,0,,1
28,Male,2,0,,1
85,Male,4,7,5,1
25,Male,4,7,5,1
23,Female,1,2,5,3
,Female,3,6,5,1
33,Female,3,6,5,1
25,Male,3,13,4,6
21,Male,3,13,4,6
54,Female,3,13,4,6
55,Male,3,13,4,6
24,Male,1,0,,3
,Male,5,3,5,1
27,Female,2,0,,1
29,Female,2,0,,1
55,Female,2,0,,1
35,Female,1,1,4,1
25,Male,1,0,,1
29,Female,1,0,,1
24,Male,1,0,4.5,3
35,Female,2,1,3.5,3
68,Female,2,1,3.5,3
69,Male,2,1,3.5,3
39,Male,2,1,3.5,3
,Male,2,1,3.5,3
35,Female,5,4,3.5,1
68,Female,5,4,3.5,1
69,Male,5,4,3.5,1
39,Male,5,4,3.5,1
,Male,5,4,3.5,1
28,Male,1,1,4.8,3
54,Female,1,1,4.8,3
33,Female,1,1,4.8,3
60,Male,1,0,4.7,3
64,Female,1,0,4.7,3
60,Male,5,3,4.7,3
64,Female,5,3,4.7,3
41,Male,1,0,,3
54,Male,3,1,,3
51,Female,3,1,,3
33,Female,3,4,,3
35,Male,3,4,,3
,Female,3,4,,3
25,Female,3,3,5,3
,Female,3,3,5,3
29,Male,3,3,5,3
30,Male,3,3,5,3
28,Female,3,3,5,3
25,Female,5,11,5,1
,Female,5,11,5,1
29,Male,5,11,5,1
30,Male,5,11,5,1
28,Female,5,11,5,1
30,Female,2,2,5,1
,Male,2,2,5,1
34,Male,1,1,,3
26,Female,1,1,,3
28,Female,1,1,4.7,3
28,Male,1,1,5,6
36,Female,3,2,3.7,6
40,Male,1,2,,1
28,Male,3,4,5,1
60,Male,3,4,5,1
50,Female,3,4,5,1
,Male,1,1,3.6,3
38,Female,1,1,3.6,3
38,Male,1,1,3.6,3
59,Male,1,0,5,6
63,Female,1,0,5,6
59,Male,3,2,5,6
63,Female,3,2,5,6
36,Male,3,2,5,6
25,Male,2,2,4,3
43,Female,2,2,4,3
30,Female,1,0,3,3
31,Female,2,2,5,1
31,Male,4,2,5,6
29,Female,4,2,5,6
,Female,4,2,5,6
,Male,4,2,5,6
29,Female,3,4,2.5,1
36,Male,3,4,2.5,1
28,Female,3,4,2.5,1
63,Male,6,0,,1
34,Male,3,0,,1
65,Female,3,0,,1
32,Male,2,1,,1
25,Female,2,1,,1
31,Female,1,1,4.3,6
33,Male,1,1,4.3,6
34,Male,1,1,4.3,6
31,,1,1,4.3,6
30,Male,1,1,4.3,6
,Female,1,1,4.3,6
,Male,1,1,4.3,6
28,,1,1,4.3,6
29,Female,1,1,4.3,6
50,Male,1,0,5,6
30,Female,2,0,5,1
32,Female,12,4,5,3
31,Female,12,4,5,3
38,Male,12,4,5,3
,Male,12,4,5,3
,Female,12,4,5,3
26,Female,2,0,5,3
30,Male,2,0,5,3
54,Female,2,0,5,3
37,Female,5,0,4,3
68,Male,5,0,4,3
40,Male,5,0,4,3
62,Female,5,0,4,3
28,Female,1,1,,3
78,Male,2,0,,1
37,Male,1,1,5,1
46,Female,4,0,,1
40,Male,4,0,,1
13,Male,4,0,,1
25,Male,4,0,,1
32,Female,4,0,,1
24,Male,1,1,5,6
48,Female,1,1,5,6
26,Female,2,1,4,3
25,Female,2,1,4,3
53,Female,2,1,4,3
30,Male,1,1,,1
20,Male,3,2,4,1
29,Male,3,11,4.3,6
29,Male,3,1,4.3,6
29,Female,3,11,4.3,6
29,Female,3,1,4.3,6
19,Female,1,17,3.5,3
19,Female,1,2,3.5,3
34,Male,2,1,5,6
19,Male,2,1,5,6
26,Female,2,1,5,6
29,Male,1,3,4,1
25,Female,1,3,4,1
70,Male,1,1,4.5,3
63,Female,1,1,4.5,3
29,Male,1,1,4.7,3
28,Male,1,1,4.7,3
27,Male,1,1,4.7,3
36,Female,3,1,3,3
35,Male,3,1,3,3
,Male,3,1,3,3
34,Male,3,1,2.8,3
26,Female,3,1,2.8,3
34,Male,4,5,2.8,3
26,Female,4,5,2.8,3
,Female,2,1,5,3
26,Female,2,1,5,3
45,Female,2,1,5,3
33,Male,2,1,5,3
24,Male,1,1,,1
,Female,1,1,5,6
23,Female,1,1,5,6
24,Female,1,1,5,6
30,Male,1,1,5,6
23,Male,5,1,5,1
16,Female,5,1,5,1
41,Female,5,1,5,1
26,Male,4,2,4.5,6
45,Female,4,2,4.5,6
29,Female,5,26,4.3,3
29,Female,5,1,4.3,6
26,Male,5,26,4.3,3
26,Male,5,1,4.3,6
59,Male,5,26,4.3,3
50,Female,5,26,4.3,3
59,Male,5,1,4.3,6
50,Female,5,1,4.3,6
25,Female,5,26,4.3,3
25,Female,5,1,4.3,6
29,Female,6,37,4.3,3
26,Male,6,37,4.3,3
59,Male,6,37,4.3,3
50,Female,6,37,4.3,3
25,Female,6,37,4.3,3
51,Female,2,1,5,1
25,Male,2,1,5,1
45,Female,1,1,,3
25,Male,1,1,,3
31,Female,1,0,4.3,6
,Female,1,0,4.3,6
29,Male,1,0,5,6
29,Male,1,1,5,1
,Male,2,1,3,3
,Female,2,1,3,3
36,Female,2,1,3,3
21,Male,1,1,5,3
42,Male,3,0,,1
40,Female,3,0,,1
68,Male,3,0,,1
30,Male,1,1,4,6
35,Female,1,1,4.3,3
32,Male,2,3,5,6
60,Female,2,3,5,6
34,Female,2,3,5,6
29,Female,2,3,5,6
28,Male,3,5,5,1
53,Female,3,5,5,1
27,Female,3,5,5,1
59,Male,3,5,5,1
54,Male,1,0,3.3,6
29,Female,1,0,3.3,6
29,Male,1,0,3.3,6
50,Male,1,0,3.3,6
59,Male,1,0,3.3,6
27,Male,1,7,5,3
48,Male,1,7,5,3
28,Female,1,7,5,3
27,Female,1,7,5,3
27,Male,7,20,5,1
48,Male,7,20,5,1
28,Female,7,20,5,1
27,Female,7,20,5,1
20,Male,1,0,,1
54,Male,1,0,,1
35,Male,1,1,2.7,3
45,Female,1,1,2.7,3
,Female,2,5,5,1
38,Female,2,5,5,1
34,Male,2,5,5,1
65,Female,2,5,5,1
30,Female,2,5,5,1
,Male,2,5,5,1
22,Male,2,5,5,1
47,Female,2,5,5,1
54,Male,2,5,5,1
51,Female,2,5,5,1
24,Male,2,5,5,1
94,Female,2,5,5,1
67,Male,2,5,5,1
27,Female,2,5,5,1
23,Female,2,1,,3
63,Male,2,1,,3
34,Male,3,3,5,1
,Female,3,3,5,1
29,Male,2,2,5,1
46,Male,2,2,5,1
31,Female,2,2,5,3
20,Male,1,1,,3
22,Female,1,1,,3
30,Male,1,1,,3
53,Male,1,0,5,6
25,Female,1,0,5,6
46,Female,1,0,5,6
21,Male,1,0,5,6
33,Female,2,0,,1
26,Male,1,1,5,6
27,Female,1,2,3.5,3
31,Male,1,2,3.5,3
28,Male,1,5,4.5,1
63,Male,1,5,4.5,1
37,Male,1,2,3.7,3
45,Female,3,2,3,6
23,Male,3,2,3,6
30,Male,1,1,4,1
,Female,1,1,4,3
62,Male,1,1,4,3
33,Male,1,1,4,3
16,Female,1,1,4,3
,Female,5,5,4,1
62,Male,5,5,4,1
33,Male,5,5,4,1
16,Female,5,5,4,1
27,Male,1,1,3.3,3
33,Male,1,1,,6
40,Female,2,1,5,6
69,Male,2,1,5,6
32,Female,2,1,5,6
64,Female,2,1,5,6
33,Male,2,1,5,6
,Male,2,1,5,6
,Female,2,1,5,6
40,Female,5,5,5,6
69,Male,5,5,5,6
32,Female,5,5,5,6
64,Female,5,5,5,6
33,Male,5,5,5,6
,Male,5,5,5,6
,Female,5,5,5,6
32,Male,2,3,3,1
26,Female,2,3,3,1
28,Female,2,3,3,1
50,Male,2,0,,3
60,Male,1,0,,1
31,Male,1,0,,1
22,Male,1,1,4.7,3
23,Male,1,1,4.7,3
,Male,1,0,,1
32,Male,1,0,,1
31,Female,2,3,5,3
37,Male,2,3,5,3
,Female,2,3,3,1
49,Female,2,3,3,1
24,Female,2,3,3,1
47,Male,2,3,3,1
41,Female,1,0,,3
34,Female,2,1,4.8,3
61,Female,2,1,4.8,3
,Female,2,1,4.8,3
36,Male,2,1,4.8,3
33,Female,2,1,4.8,3
32,Male,2,1,5,1
46,Female,2,1,5,3
28,Female,1,4,5,3
26,Female,1,4,5,3
63,Male,2,0,4,3
30,Male,2,0,4,3
23,Male,1,3,4.1,6
33,Male,1,3,4.1,6
23,Male,4,6,4.1,3
33,Male,4,6,4.1,3
35,Male,1,1,4,1
44,Male,2,1,5,3
23,Male,1,1,,1
,Female,2,2,3.7,6
62,Female,2,2,3.7,6
36,Male,2,2,3.7,6
47,Female,1,0,,1
33,Male,3,3,3,1
,Male,3,3,3,1
31,Female,3,3,3,1
24,Male,1,0,4.5,6
24,Female,1,0,4.5,6
21,Male,1,0,4.5,6
24,Male,3,12,4.5,6
24,Female,3,12,4.5,6
21,Male,3,12,4.5,6
30,Female,3,6,5,1
57,Female,1,2,4,3
31,Female,1,2,4,3
28,Male,1,0,3.5,3
36,Male,1,0,,3
,Male,4,2,5,3
31,Female,4,2,5,3
32,Male,4,2,5,3
43,Female,2,1,,1
44,Female,2,1,,1
18,Male,2,1,,1
50,Male,2,1,,1
,Female,3,1,,1
28,Male,3,1,,1
30,Female,3,2,4.5,1
56,Male,3,2,4.5,1
31,Male,3,2,4.5,1
63,Male,3,2,4.5,1
38,Male,2,1,3,1
34,Female,2,1,3,1
42,Male,3,1,5,3
,Female,3,1,5,3
43,Male,3,1,5,3
63,Male,2,0,,1
,Male,3,2,5,3
34,Male,3,2,5,3
14,Male,3,2,5,3
36,Female,3,2,5,3
27,Female,1,1,4.8,6
18,Male,1,1,4.8,6
51,Female,1,1,4.8,6
27,Female,3,6,4.8,6
18,Male,3,6,4.8,6
51,Female,3,6,4.8,6
32,Male,1,1,5,3
26,Female,3,1,,3
27,Male,3,1,,3
45,Male,4,3,4,1
27,Male,4,3,4,1
19,Female,4,3,4,1
44,Female,4,3,4,1
20,Male,1,0,3,1
31,Female,1,1,5,3
24,Male,1,3,,3
24,Female,1,3,,3
30,Female,1,4,5,3
29,Male,1,4,5,3
30,Female,2,17,5,1
29,Male,2,17,5,1
26,Male,1,1,5,1
24,Male,1,1,5,1
28,Female,5,1,,3
,Male,5,1,,3
23,Female,5,1,,3
61,Male,5,1,,3
28,Male,5,1,,3
35,Male,2,0,,1
12,Male,2,1,,1
53,Male,2,1,,1
28,Female,17,1,4,3
,Female,17,1,4,3
51,Female,17,1,4,3
30,Male,1,0,4,3
22,Male,3,3,4,1
23,Female,3,3,4,1
56,Male,3,3,4,1
38,Male,3,3,4,1
27,Female,2,4,,1
,Female,1,1,3.7,3
36,Female,1,1,3.7,3
,Male,1,1,3.7,3
38,Male,1,1,3.7,3
,Female,4,12,3.7,3
36,Female,4,12,3.7,3
,Male,4,12,3.7,3
38,Male,4,12,3.7,3
52,Male,3,1,5,1
60,Female,3,1,5,1
53,Female,2,1,5,3
31,Female,2,1,5,3
34,Male,2,1,5,3
32,Male,2,1,5,3
32,Female,2,1,5,3
53,Female,4,8,5,6
31,Female,4,8,5,6
34,Male,4,8,5,6
32,Male,4,8,5,6
32,Female,4,8,5,6
59,Male,3,4,2,1
27,Male,3,4,2,1
53,Female,3,4,2,1
,Female,4,2,5,3
34,Female,4,2,5,3
40,Male,1,0,,3
27,Male,1,1,4.7,6
28,Male,1,1,4.7,6
28,Female,2,1,,1
26,Male,2,1,,1
47,Female,2,1,,1
,Female,2,1,,1
30,Male,1,1,5,1
29,Male,2,1,,1
29,Male,2,2,4,1
28,Female,2,2,4,1
47,Female,2,2,4,1
26,Female,3,5,5,1
31,Female,3,5,5,1
23,Male,2,0,,3
31,Male,2,0,,3
25,Female,1,0,,1
23,Female,3,1,,1
40,Female,3,1,,1
65,Male,3,1,,1
26,Male,3,1,,1
24,Female,3,1,,1
30,Male,1,1,4,3
49,Female,2,2,,3
25,Female,2,2,,3
22,Male,2,2,,3
54,Female,2,2,,3
44,Male,1,0,,1
47,Male,1,0,,1
57,Male,1,0,,1
19,Male,5,2,5,3
30,Female,5,2,5,3
33,Female,1,2,4.3,3
30,Male,1,2,4.3,3
50,Female,1,1,,3
62,Male,1,1,,3
29,Female,1,1,,3
33,Female,1,1,4.5,3
34,Male,1,1,4.5,3
32,Male,2,5,5,1
29,Female,2,5,5,1
29,Female,1,1,5,3
26,Male,1,1,5,3
28,Male,1,1,,1
,Female,4,0,,1
28,Female,4,0,,1
32,Female,3,3,5,1
32,Female,3,1,5,3
33,Female,3,3,5,1
,Male,3,3,5,1
33,Female,3,1,5,3
,Male,3,1,5,3
34,Male,8,0,5,1
28,Male,2,6,4.5,6
19,Male,1,1,5,1
40,Female,1,1,5,1
35,Female,1,2,4.5,1
66,Male,1,2,4.5,1
55,Female,1,2,4.5,1
37,Male,1,2,4.5,1
40,Male,1,1,4,3
40,Male,3,2,4,3
40,Male,2,1,5,1
27,Female,2,1,5,1
,Female,2,1,5,1
34,Female,2,1,5,1
36,Male,2,1,,3
23,Female,2,1,,1
21,Female,1,1,4.5,1
32,Male,1,1,4.5,1
33,Male,2,1,5,1
28,Female,2,1,5,1
38,Male,1,1,4.8,6
,,1,1,4.8,6
36,Male,1,1,4.8,6
30,Male,1,1,4.8,6
31,Male,1,1,4.8,6
34,Male,1,1,4.8,6
30,Female,1,1,4.8,6
38,Male,7,53,4.8,3
,,7,53,4.8,3
36,Male,7,53,4.8,3
30,Male,7,53,4.8,3
31,Male,7,53,4.8,3
34,Male,7,53,4.8,3
30,Female,7,53,4.8,3
32,Female,1,3,5,1
29,Female,1,3,5,1
22,Male,1,1,4,1
,Male,4,7,,1
30,Female,4,7,,1
64,Female,4,7,,1
,Female,4,7,,1
48,Female,4,1,2.2,3
28,Female,4,1,2.2,3
27,Female,4,1,2.2,3
31,Male,4,1,2.2,3
26,Male,4,1,2.2,3
75,Female,1,0,,3
43,Female,1,1,4.8,3
20,Female,1,1,4.8,3
,Female,1,1,4.8,3
17,Female,1,1,4.8,3
38,Male,1,1,4.7,3
56,Female,1,1,4.7,3
33,Male,1,1,4.7,3
32,Male,1,1,4.7,3
34,Male,1,1,4.7,3
35,Male,1,1,4.7,3
25,Female,2,2,4,1
24,Male,2,2,4,1
25,Female,3,2,5,1
26,Male,3,2,5,1
37,Female,1,0,3.5,3
35,Female,2,1,5,1
22,Female,2,1,5,1
28,Female,4,2,,1
23,Female,4,2,,1
27,Female,4,2,,1
71,Female,1,1,5,3
23,Male,1,1,5,3
26,Male,1,2,3,1
45,Male,1,0,,1
28,Male,2,3,,1
30,Male,2,3,,1
52,Female,1,1,3,3
,Male,3,2,,1
,Female,3,2,,1
38,Male,3,2,,1
20,Female,1,1,4.3,3
43,Female,1,1,4.3,3
49,Male,1,1,4.3,3
,Female,1,1,4.3,3
36,Male,1,0,,1
31,Male,3,3,4.5,1
26,Female,3,3,4.5,1
33,Male,1,0,,1
25,Male,1,1,5,3
24,Female,2,1,3,1
24,Male,2,1,3,1
32,Male,1,1,,1
22,Male,2,0,5,1
26,Female,1,1,5,3
50,Female,2,2,5,1
18,Female,2,2,5,1
26,Male,1,0,,1
30,Female,1,1,4.6,3
32,Female,1,1,4.6,3
68,Male,1,1,4.6,3
33,Male,3,8,4.8,3
54,Female,3,8,4.8,3
38,Female,3,8,4.8,3
63,Male,3,8,4.8,3
56,Female,3,8,4.8,3
33,Male,6,22,4.8,1
54,Female,6,22,4.8,1
38,Female,6,22,4.8,1
63,Male,6,22,4.8,1
56,Female,6,22,4.8,1
20,Male,2,1,3.8,3
41,Female,3,4,5,3
32,Male,3,4,5,3
45,Male,2,1,,1
27,Male,5,3,,1
27,Female,5,3,,1
30,Female,2,0,,1
30,Female,1,2,,6
27,Female,3,1,,1
33,Female,2,1,5,1
45,Female,1,0,,1
33,Female,1,0,,1
31,Female,3,2,4.7,1
,Female,3,2,4.7,1
,Male,1,3,5,1
24,Female,1,3,5,1
30,Female,1,3,5,1
26,Male,1,2,5,3
25,Male,1,2,5,3
48,Female,1,2,5,3
26,Male,2,11,5,3
25,Male,2,11,5,3
48,Female,2,11,5,3
28,Male,1,1,3.5,3
26,Female,2,0,,1
28,Male,1,5,4.3,3
28,Male,1,1,4.3,3
65,Male,1,5,4.3,3
65,Male,1,1,4.3,3
30,Female,1,5,4.3,3
30,Female,1,1,4.3,3
21,Male,1,5,4.3,3
21,Male,1,1,4.3,3
29,Female,2,0,3.4,3
52,Female,2,0,3.4,3
31,Male,2,0,3.4,3
,Female,2,0,3.4,3
61,Male,2,0,3.4,3
29,Male,2,1,5,3
27,Female,2,1,5,3
31,Male,1,0,4.2,6
26,Female,1,0,4.2,6
25,Male,1,0,4.2,6
31,Male,5,12,4.2,6
29,Female,5,12,4.2,6
26,Female,5,12,4.2,6
25,Male,5,12,4.2,6
27,Male,1,2,5,1
36,Male,2,1,3,1
31,Male,2,1,3,1
27,Female,1,3,5,1
,Male,3,5,,1
33,Male,3,5,,1
30,Female,3,5,,1
29,Male,2,1,5,1
28,Male,2,1,5,1
22,Female,6,6,5,1
23,Male,6,6,5,1
50,Male,6,6,5,1
23,Female,6,6,5,1
22,Male,1,0,4,1
23,Female,1,8,5,3
,Female,1,8,5,3
45,Female,3,0,4.5,1
68,Male,3,0,4.5,1
36,Male,3,0,4.5,1
32,Female,3,0,4.5,1
37,Female,3,0,4.5,1
38,Male,3,0,4.5,1
,Male,3,0,4.5,1
44,Male,3,0,4.5,1
39,Female,3,0,4.5,1
45,Female,3,0,,1
82,Female,3,2,,1
52,Female,3,2,,1
36,Male,3,1,,3
30,Female,3,1,,3
59,Female,1,1,3,3
29,Male,1,1,3,3
59,Female,2,10,3,3
29,Male,2,10,3,3
42,Male,2,0,,3
29,Male,1,0,,1
34,Male,2,5,,3
64,Female,2,5,,3
26,Male,2,0,,3
37,Female,2,0,,1
74,Female,2,1,,3
52,Male,2,1,,3
29,Male,1,3,5,3
24,Male,1,3,5,3
30,Male,1,3,5,3
25,Male,1,3,5,3
40,Male,2,0,2.3,3
47,Female,2,0,2.3,3
57,Female,2,0,2.3,3
14,Female,2,0,,1
,Male,2,1,5,1
,Male,3,2,5,1
48,Female,3,2,5,1
60,Female,3,2,5,1
34,Male,3,2,5,1
20,Female,3,2,5,1
21,Male,1,2,2.9,6
46,Female,1,2,2.9,6
21,Male,3,40,2.9,6
46,Female,3,40,2.9,6
36,Male,4,2,5,3
65,Female,4,2,5,3
50,Male,4,2,4.7,1
36,Female,2,3,5,1
38,Male,2,3,5,1
24,Male,3,2,4,3
46,Female,3,2,4,3
65,Male,2,1,,1
,Female,3,1,4.3,6
33,Male,3,1,4.3,6
30,Female,3,1,4.3,6
57,Female,3,1,4.3,6
32,Female,3,10,3.7,3
32,Female,3,1,3.7,3
63,Female,3,10,3.7,3
63,Female,3,1,3.7,3
34,Male,3,10,3.7,3
34,Male,3,1,3.7,3
32,Female,4,17,3.7,3
63,Female,4,17,3.7,3
34,Male,4,17,3.7,3
29,Male,3,2,4,3
29,Female,3,2,4,3
27,Female,3,2,5,1
32,Male,3,2,5,1
,Female,3,2,5,1
38,Male,2,2,,3
53,Female,2,2,,3
34,Male,3,1,5,1
62,Female,3,1,5,1
28,Male,1,1,3,1
35,Male,3,1,4,1
32,Female,3,1,4,1
,Female,3,1,4,1
30,Female,2,1,4.5,3
35,Male,2,1,4.5,3
24,Male,1,2,4,3
31,Male,2,2,5,1
29,Female,2,2,5,1
28,Male,3,1,,3
26,Female,2,1,,3
33,Male,2,1,,3
29,Male,1,1,4,6
26,Female,2,4,4.3,1
48,Female,2,4,4.3,1
80,Female,2,4,4.3,1
58,Male,2,4,4.3,1
15,Female,2,2,5,1
38,Female,2,2,5,1
,Female,1,0,,3
39,Male,1,0,,1
27,Male,1,1,5,6
59,Male,3,0,3,3
45,Female,1,0,4,3
33,Female,3,2,4,3
18,Female,3,2,4,3
,Male,3,2,4,3
20,Female,3,2,4,3
31,Male,3,2,4,3
22,Male,1,0,,1
25,Female,1,5,4.6,3
25,Female,1,2,4.6,3
33,Female,1,0,4.7,3
38,Male,1,0,4.7,3
,Male,1,0,4.7,3
,Female,1,0,4.7,3
33,Female,4,7,4.7,3
38,Male,4,7,4.7,3
,Male,4,7,4.7,3
,Female,4,7,4.7,3
62,Female,1,1,5,3
29,Male,1,1,5,3
24,Male,2,2,3,1
49,Female,2,2,3,1
23,Female,2,2,3,1
54,Male,2,2,3,1
19,Male,2,1,,1
38,Female,1,0,5,3
,Male,1,0,5,3
38,Male,1,0,5,3
77,Male,1,0,5,3
38,Female,3,7,5,3
,Male,3,7,5,3
38,Male,3,7,5,3
77,Male,3,7,5,3
38,Female,6,9,5,3
,Male,6,9,5,3
38,Male,6,9,5,3
77,Male,6,9,5,3
60,Male,2,0,,1
43,Female,2,0,,1
27,Male,1,1,5,1
,Male,2,1,,1
,Female,5,4,,1
60,Male,5,4,,1
66,Male,5,4,,1
30,Male,5,4,,1
33,Male,3,0,1,1
,Male,3,0,1,1
64,Male,2,1,4.7,6
59,Female,2,1,4.7,6
34,Female,2,1,4.7,6
33,Female,2,1,4.7,6
64,Male,3,7,4.7,1
59,Female,3,7,4.7,1
34,Female,3,7,4.7,1
33,Female,3,7,4.7,1
40,Female,1,0,3.7,3
11,Male,1,0,3.7,3
63,Female,1,0,3.7,3
14,Female,1,0,3.7,3
40,Female,6,4,3.7,3
11,Male,6,4,3.7,3
63,Female,6,4,3.7,3
14,Female,6,4,3.7,3
34,Female,1,1,,1
30,Male,3,2,,1
27,Female,3,2,,1
55,Female,1,0,,1
23,Female,1,0,5,3
61,Female,1,0,,3
66,Male,1,0,,3
55,Male,3,1,,1
27,Male,3,1,,1
46,Female,3,1,,1
,Male,2,1,5,3
25,Female,2,1,5,3
,Male,4,11,5,3
25,Female,4,11,5,3
45,Female,1,1,,1
48,Female,1,1,,1
28,Female,1,1,,1
22,Male,1,1,,3
49,Male,1,1,,3
46,Female,1,1,,3
23,Female,1,1,,3
65,Male,3,2,5,1
33,Female,3,2,5,1
33,Male,1,1,3.5,6
27,Female,3,2,5,3
27,Male,3,2,5,3
29,Male,1,1,,1
30,Female,1,1,,1
36,Female,4,7,5,1
,Female,4,7,5,1
34,Male,5,2,5,1
26,Male,5,2,5,1
26,Female,5,2,5,1
29,Male,5,2,5,1
27,Male,7,1,5,1
25,Female,7,1,5,1
73,Female,3,1,5,3
25,Male,1,1,,1
34,Male,2,1,5,1
,Male,2,0,5,3
64,Male,2,0,5,3
61,Female,2,0,,1
32,Male,1,1,5,1
67,Female,5,2,5,1
15,Female,5,2,5,1
28,Male,5,2,5,1
35,Male,2,2,5,3
30,Female,2,2,5,3
36,Male,2,2,5,3
,Male,2,2,5,3
34,Female,2,2,5,3
,Female,5,13,5,6
35,Male,5,13,5,6
30,Female,5,13,5,6
36,Male,5,13,5,6
,Male,5,13,5,6
34,Female,5,13,5,6
32,Female,3,4,5,1
15,Male,4,2,,1
43,Female,4,2,,1
44,Male,2,2,4.6,3
42,Female,2,2,4.6,3
,Female,2,2,4.6,3
44,Male,5,8,4.6,3
,Male,5,8,4.6,3
42,Female,5,8,4.6,3
,Female,5,8,4.6,3
54,Female,3,1,,1
29,Female,3,1,,1
26,Female,2,2,5,1
52,Female,2,2,5,1
24,Male,2,1,5,1
50,Female,2,0,,1
57,Male,2,0,,1
87,Male,2,0,,1
61,Female,3,1,5,1
21,Female,2,1,,1
28,Male,2,1,3.7,6
27,Female,2,1,3.7,6
28,Female,2,1,3.7,6
39,Male,2,2,5,1
21,Female,1,1,4,3
27,Male,2,1,,1
66,Male,2,1,,1
30,Male,1,1,5,3
50,Female,1,1,5,3
48,Female,1,1,5,3
,Female,1,1,5,3
30,Male,5,4,5,1
50,Female,5,4,5,1
48,Female,5,4,5,1
,Female,5,4,5,1
29,Male,5,4,5,1
39,Male,3,3,3,1
38,Female,3,3,3,1
,Male,4,2,,1
60,Female,4,2,,1
26,Female,4,2,,1
33,Male,4,2,,1
39,Male,3,8,4.1,3
39,Male,3,1,4.1,3
32,Male,3,8,4.1,3
32,Male,3,1,4.1,3
33,Female,3,8,4.1,3
33,Female,3,1,4.1,3
50,Male,1,0,,1
26,Male,1,0,4.5,3
90,Female,1,0,4.5,3
29,Male,1,3,,1
24,Female,1,1,,6
31,Female,1,2,4.5,3
52,Female,3,0,,1
29,Female,2,0,,3
28,Female,2,0,,3
58,Male,2,0,,3
54,Female,2,0,,3
20,Female,1,1,3,3
36,Female,1,2,4.7,1
41,Male,1,2,4.7,1
33,Male,4,1,,1
57,Male,4,1,,1
27,Male,3,0,,1
41,Male,1,0,4,6
31,Female,1,1,5,1
16,Female,3,3,,3
80,Male,3,3,,3
42,Male,3,3,,3
15,Female,3,3,,3
24,Female,1,1,5,3
40,Female,3,2,4,1
48,Male,3,2,4,1
68,Male,2,1,,3
42,Female,1,0,5,3
29,Male,1,2,,1
31,Female,1,2,,1
23,Female,2,2,3.3,3
28,Female,2,2,3.3,3
25,Male,2,2,3.3,3
17,Male,2,2,3.3,3
43,Female,2,2,3.3,3
40,Female,2,0,,1
44,Male,2,0,,1
28,Male,1,1,5,3
21,Female,1,1,5,3
28,Male,3,3,5,1
21,Female,3,3,5,1
33,Female,5,5,4.5,1
32,Male,5,5,4.5,1
52,Female,5,5,4.5,1
23,Female,1,4,3.6,6
24,Male,1,4,3.6,6
22,Female,1,4,3.6,6
23,Male,1,4,3.6,6
23,Female,6,15,3.6,6
24,Male,6,15,3.6,6
22,Female,6,15,3.6,6
23,Male,6,15,3.6,6
29,Male,1,2,5,3
58,Female,2,1,5,1
45,Female,2,1,,1
23,Female,1,1,4.8,3
54,Male,1,1,4.8,3
45,Female,1,1,4.8,3
23,Female,5,7,4.8,3
54,Male,5,7,4.8,3
43,Female,5,7,4.8,3
45,Female,5,7,4.8,3
30,Female,1,6,5,1
25,Female,1,3,5,3
28,Male,4,1,,1
21,Male,1,3,4.5,3
24,Female,1,3,4.5,3
52,Male,1,3,4.5,3
30,Male,2,5,5,1
,Female,4,2,3,3
34,Female,4,2,3,3
,Male,4,2,3,3
40,Male,4,2,3,3
51,Male,3,2,,3
42,Female,3,2,,3
19,Male,3,2,,3
31,Male,1,3,4.5,3
32,Female,2,3,3,1
24,Female,3,0,,3
25,Female,3,0,,3
22,Male,1,1,4.5,1
32,Male,4,2,,1
31,Male,1,1,5,1
75,Male,2,0,,1
26,Female,3,1,4,1
28,Male,3,1,4,1
26,Male,1,1,4.5,3
50,Female,1,1,4.5,3
25,Female,1,1,4.5,3
,Female,3,4,5,1
29,Female,3,4,5,1
24,Male,3,4,5,1
32,Male,3,4,5,1
11,Female,3,4,5,1
28,Female,5,1,5,1
32,Female,1,3,4,1
63,Male,1,3,4,1
24,Female,2,1,5,3
26,Male,2,1,5,3
26,Female,3,7,4.5,3
27,Male,3,7,4.5,3
19,Male,3,7,4.5,3
23,Male,2,1,,1
22,Female,1,1,4,3
62,Male,1,1,5,1
75,Female,1,1,5,1
52,Female,1,1,5,1
50,Male,1,1,,1
21,Female,1,1,,1
24,Male,1,2,5,1
54,Male,1,2,5,1
22,Female,1,1,3.7,3
22,Male,2,1,5,3
50,Male,2,1,5,3
30,Female,1,0,,3
,Female,2,0,5,3
16,Female,3,1,4,6
,Male,3,1,4,6
22,Female,3,1,4,6
27,Male,2,3,5,1
19,Female,2,3,5,1
18,Female,1,0,4.5,3
19,Female,1,0,4.5,3
,,1,0,,1
40,Male,3,1,5,1
22,Female,2,6,4,3
25,Male,2,6,4,3
18,Male,1,0,5,3
36,Female,1,0,5,3
19,Male,1,0,5,1
28,Female,2,0,5,3
23,Male,1,2,5,1
28,Male,2,6,4.5,1
28,Male,2,1,4.5,3
35,Male,4,1,5,1
,Male,4,1,5,1
39,Female,4,2,5,1
79,Male,4,2,5,1
25,Male,4,1,4.8,6
49,Female,4,1,4.8,6
29,Male,4,1,4.8,6
59,Female,1,1,5,1
24,Female,1,1,5,1
,Female,1,1,,1
45,Male,4,0,,1
56,Female,4,0,,1
65,Male,4,0,,1
30,Female,4,0,,1
60,Female,4,4,5,1
38,Female,4,4,5,1
15,Male,4,4,5,1
39,Male,4,4,5,1
33,Male,2,2,1,1
30,Female,2,2,1,1
31,Female,2,7,5,3
40,Male,1,2,5,3
20,Male,1,1,4,1
29,Male,2,4,,1
54,Female,2,4,,1
28,Female,2,4,,1
44,Male,3,4,5,1
34,Female,2,1,,3
27,Male,2,1,4.5,3
24,Female,2,1,4.5,3
29,Male,1,0,,6
31,Female,1,1,,1
36,Male,1,1,4.2,3
,Female,1,1,4.2,3
23,Female,1,1,4.2,3
36,Male,4,8,4.2,1
,Female,4,8,4.2,1
23,Female,4,8,4.2,1
27,Male,1,0,3,3
33,Male,1,5,3.7,1
49,Female,2,1,5,1
30,Female,3,1,,1
31,Male,3,1,,1
19,Female,3,1,5,1
68,Male,3,1,5,1
36,Male,4,0,,3
25,Female,1,8,5,3
32,Female,2,1,4.5,3
34,Male,2,1,4.5,3
26,Female,1,2,,3
34,Male,1,2,,3
47,Male,6,4,5,1
19,Male,6,4,5,1
75,Male,6,4,5,1
40,Female,6,4,5,1
24,Male,3,1,,1
52,Female,3,1,,1
35,Male,2,1,5,3
30,Female,2,1,5,3
48,Female,1,0,,1
31,Male,1,1,,1
25,Female,2,3,5,3
24,Male,2,3,5,3
34,Female,3,1,,1
63,Female,3,1,,1
64,Female,3,1,,1
75,Male,1,0,3.1,3
68,Female,1,0,3.1,3
40,Male,1,0,3.1,3
74,Male,1,0,3.1,3
54,Female,1,0,3.1,3
,Male,1,0,3.1,3
43,Male,1,0,3.1,3
,Female,1,0,3.1,3
45,Female,1,0,5,3
24,Male,1,0,4.7,3
54,Female,1,0,4.7,3
58,Female,1,2,,3
31,Male,1,2,,3
89,Female,3,3,5,1
18,Female,3,3,5,1
56,Male,3,3,5,1
24,Female,2,1,4,1
53,Male,2,1,4,1
27,Male,2,1,4,1
38,Male,3,2,1,1
48,Female,4,1,5,3
26,Female,4,1,5,3
87,Male,4,1,5,3
28,Male,4,1,5,3
,,2,0,,3
50,Female,2,3,4.3,3
20,Male,2,3,4.3,3
19,Female,2,3,4.3,3
25,Female,2,2,,1
54,Male,2,2,,1
16,Female,4,3,5,1
48,Male,4,3,5,1
75,Female,4,3,5,1
55,Female,1,0,5,3
24,Female,1,0,5,3
22,Male,1,0,5,3
36,Male,1,1,5,1
,Male,1,1,5,1
49,Male,5,2,,1
42,Male,5,2,,1
60,Male,5,2,,1
22,Male,5,2,,1
48,Female,5,2,,1
22,Male,1,1,5,1
26,Female,1,2,,1
34,Male,2,3,4,1
27,Female,2,3,4,1
25,Male,6,12,5,1
31,Female,6,12,5,1
,Female,6,12,5,1
28,Male,6,12,5,1
42,Female,6,12,5,1
50,Female,6,12,5,1
64,Male,2,1,4,1
28,Female,2,1,4,1
23,Male,1,3,5,1
27,Female,1,1,4.2,3
26,Male,1,1,4.2,3
52,Female,1,1,4.2,3
29,Male,1,1,,3
25,Female,2,0,5,1
41,Male,5,3,5,3
41,Male,5,0,5,3
38,Female,5,3,5,3
38,Female,5,0,5,3
11,Male,5,3,5,3
11,Male,5,0,5,3
67,Female,5,3,5,3
67,Female,5,0,5,3
54,Female,2,1,,1
27,Male,2,1,2.3,6
35,Male,1,2,4.7,1
,Male,1,2,4.7,1
25,Female,1,2,4.7,1
18,Male,1,2,4.7,1
29,Female,1,2,4.7,1
,Female,1,2,4.7,1
39,Female,3,3,5,3
39,Male,3,3,5,3
,Male,3,3,5,3
12,Male,3,3,5,3
23,Male,3,2,,1
50,Female,3,2,,1
36,Male,3,2,5,3
28,Female,3,2,5,3
30,Male,2,2,4,3
33,Female,2,2,4,3
29,Male,3,1,,1
48,Female,3,1,,1
28,Male,3,2,4,1
28,Female,3,2,4,1
35,Female,1,2,4,1
28,Female,6,3,4.5,1
30,Male,6,3,4.5,1
,Female,6,3,4.5,1
52,Female,6,3,4.5,1
27,Male,3,3,,1
28,Female,3,3,,1
23,Female,2,1,5,1
61,Male,2,1,5,1
37,Female,2,1,5,1
30,Female,4,3,,3
63,Male,4,3,,3
26,Male,1,2,,3
56,Male,1,7,5,1
52,Female,2,2,,1
25,Male,2,2,,1
36,Female,1,1,5,3
23,Male,1,2,,1
28,Female,2,3,5,3
,Male,2,3,5,3
31,Male,1,0,,3
22,Male,1,1,5,3
40,Male,4,3,,1
35,Female,4,3,,1
,Female,4,3,,1
58,Female,2,1,3.9,3
30,Male,2,1,3.9,3
66,Male,2,1,3.9,3
,Male,2,1,3.9,3
29,Female,2,1,3.9,3
58,Female,6,24,3.9,3
30,Male,6,24,3.9,3
66,Male,6,24,3.9,3
,Male,6,24,3.9,3
29,Female,6,24,3.9,3
21,Female,2,6,3.8,1
57,Female,2,6,3.8,1
30,Female,7,1,4,1
35,Male,1,0,5,3
46,Male,1,1,4.3,3
35,Male,1,0,1,3
26,Female,2,1,3,3
22,Male,2,1,3,3
27,Male,2,1,3,3
69,Male,2,1,,1
62,Female,2,1,,1
21,Female,1,1,5,1
25,Male,1,1,4,3
21,Female,2,2,5,1
63,Male,3,1,,1
53,Female,3,1,,1
30,Male,2,1,4,1
15,Female,2,3,5,1
18,Female,2,3,5,1
48,Female,2,1,3.8,3
25,Male,2,1,3.8,3
47,Female,2,1,3.8,3
48,Female,3,11,3.8,3
25,Male,3,11,3.8,3
47,Female,3,11,3.8,3
25,Male,1,1,5,1
34,Female,3,1,4.3,1
56,Female,3,1,4.3,1
,Male,3,1,4.3,1
35,Male,3,1,4.3,1
23,Male,1,1,4,1
18,Female,2,1,,3
20,Male,2,1,,3
31,Female,2,0,5,3
28,Male,1,0,,3
29,Female,1,1,,1
65,Female,3,1,5,3
70,Male,3,1,5,3
43,Male,1,0,,3
27,Male,1,3,,1
21,Male,1,1,,1
26,Male,1,1,,1
27,Female,3,0,,1
26,Female,1,0,4,3
63,Female,4,2,5,1
37,Female,4,2,5,1
,Male,4,2,5,1
40,Male,4,1,5,3
,Male,4,1,5,3
36,Female,4,1,5,3
37,Male,5,3,3,1
35,Female,5,3,3,1
,Female,5,3,3,1
58,Female,5,3,3,1
80,Female,5,3,3,1
20,Female,1,2,4,1
28,Female,1,4,5,1
27,Male,1,2,,3
24,Male,4,6,5,1
23,Female,4,6,5,1
53,Female,1,1,,1
,Female,3,3,4.7,3
42,Male,3,3,4.7,3
12,Female,3,3,4.7,3
65,Female,3,3,4.7,3
41,Female,3,3,4.7,3
26,Female,4,3,,3
61,Female,4,3,,3
27,Female,4,3,,3
29,Male,4,3,,3
27,Female,2,0,4,1
24,Male,1,6,4,1
23,Male,2,0,5,1
42,Male,4,7,5,1
,Male,4,7,5,1
34,Female,4,7,5,1
,Male,3,2,,6
29,Female,3,2,,6
31,Male,3,2,,6
41,Female,3,2,5,1
12,Female,3,2,5,1
32,Female,2,0,,1
27,Female,1,1,5,1
60,Male,4,2,,1
22,Female,4,2,,1
25,Female,4,1,,1
56,Female,4,1,,1
60,Male,2,1,,1
68,Female,2,1,,1
26,Female,1,1,5,1
61,Female,1,1,5,1
25,Female,3,2,,1
54,Female,3,2,,1
47,Female,1,2,,3
47,Female,1,0,,3
26,Male,1,0,3.7,3
22,Female,1,0,3.7,3
30,Female,1,0,3.7,3
26,Male,4,10,3.7,1
22,Female,4,10,3.7,1
30,Female,4,10,3.7,1
30,Male,2,2,,1
58,Male,2,2,,1
35,Male,1,1,5,3
31,Male,2,1,3.5,3
48,Female,2,1,3.5,3
28,Male,1,16,3.4,1
28,Male,1,1,3.4,3
42,Male,3,2,4.6,1
42,Female,3,2,4.6,1
70,Female,3,2,4.6,1
33,Female,1,1,,1
42,Female,5,3,4.3,1
26,Female,5,3,4.3,1
,Female,5,1,5,1
25,Female,5,1,5,1
29,Male,5,1,5,1
24,Male,2,1,,1
20,Male,1,0,,3
24,Female,3,9,4,1
48,Female,3,9,4,1
80,Female,5,1,,3
22,Female,5,1,,3
51,Female,5,1,,3
44,Male,4,1,,1
68,Female,4,1,,1
39,Female,4,1,,1
72,Male,4,1,,1
,Female,4,1,,1
22,Male,2,4,5,1
21,Female,2,4,5,1
69,Male,2,1,,3
38,Female,4,2,5,1
22,Female,2,2,,1
43,Female,2,2,,1
,Male,2,2,,1
61,Male,1,2,,3
28,Male,1,2,,3
34,Male,1,1,5,1
80,Female,2,1,5,3
28,Female,2,1,5,3
80,Female,8,2,5,3
30,Female,8,2,5,3
28,Female,8,2,5,3
55,Female,2,1,,1
36,Male,2,1,,1
23,Female,1,0,,1
29,Female,4,1,5,1
29,Male,4,1,5,1
64,Male,4,1,5,1
,Female,2,2,4.8,3
25,Female,2,2,4.8,3
48,Male,1,1,5,1
26,Female,2,1,,1
66,Male,1,2,4.5,3
41,Male,1,2,4.5,3
22,Female,2,0,4,3
51,Female,2,1,,1
32,Female,2,1,,1
40,Female,3,1,5,1
22,Male,3,1,5,1
28,Male,1,2,,1
30,Male,2,1,5,1
45,Female,1,1,3.5,3
31,Male,1,1,3.5,3
30,Male,3,1,,1
33,Male,2,4,3.5,1
,Female,2,4,3.5,1
12,Male,2,4,3.5,1
39,Female,2,4,3.5,1
33,Female,1,3,5,1
27,Male,2,10,4.7,3
30,Female,2,10,4.7,3
55,Female,4,0,,1
67,Male,4,0,,1
35,Female,4,0,,1
58,Male,4,0,,1
24,Female,1,1,,1
27,Male,2,2,5,1
23,Female,2,1,5,3
40,Female,2,1,5,3
21,Male,2,1,5,3
52,Male,3,1,,3
25,Female,3,1,,3
24,Female,3,1,,3
55,Female,8,9,4.5,3
34,Female,8,9,4.5,3
,Female,8,9,4.5,3
33,Female,1,0,,3
22,Male,1,2,5,3
23,Female,1,0,4,3
32,Male,4,5,4.5,1
31,Female,4,5,4.5,1
29,Female,4,5,4.5,1
44,Female,2,1,,6
26,Male,2,1,,6
18,Male,1,2,5,1
31,Male,2,2,,3
28,Female,2,2,,3
26,Female,2,1,4,1
14,Male,2,1,4,1
19,Female,2,1,4,1
22,Male,2,1,4,1
56,Male,2,1,4,1
27,Female,1,2,5,1
75,Male,3,1,,1
,Female,2,3,5,3
30,Female,2,3,5,3
62,Male,1,0,,3
22,Male,1,2,5,1
26,Male,1,1,,3
53,Female,2,5,5,1
29,Male,2,5,5,1
28,Female,4,4,,1
,Male,4,4,,1
37,Male,4,4,,1
53,Male,4,4,,1
,Female,4,4,,1
70,Female,2,1,,1
11,Male,1,0,2,3
42,Male,1,0,2,3
32,Female,1,2,3,3
23,Male,6,11,4,1
52,Female,6,11,4,1
30,Male,6,11,4,1
26,Female,6,11,4,1
21,Female,4,5,5,1
18,Male,4,5,5,1
40,Female,4,5,5,1
46,Male,4,5,5,1
74,Male,4,5,5,1
71,Female,4,5,5,1
55,Female,1,1,5,3
29,Male,3,19,5,3
55,Female,3,19,5,3
24,Male,2,1,4.5,1
23,Female,2,1,4.5,1
43,Male,1,1,,3
22,Male,1,3,5,1
25,Female,3,1,5,3
50,Male,3,1,5,3
25,Female,5,9,5,3
26,Male,5,9,5,3
,Female,5,9,5,3
50,Male,5,9,5,3
,Male,5,9,5,3
31,Female,4,2,,1
31,Male,4,2,,1
,Female,4,2,,1
,Female,3,7,5,1
28,Female,3,7,5,1
71,Male,2,1,3.3,1
46,Male,2,1,3.3,1
42,Female,2,1,3.3,1
22,Male,2,1,3.3,1
37,Male,1,1,,6
26,Male,4,0,,1
20,Female,1,1,,1
26,Female,1,1,3.8,3
24,Female,1,1,3.8,3
21,Female,3,1,,1
50,Female,3,1,,1
52,Female,1,0,,1
30,Male,1,0,,3
31,Male,3,31,5,3
26,Female,3,31,5,3
34,Male,1,1,5,3
55,Female,3,2,5,1
54,Male,3,2,5,1
55,Male,3,2,5,1
27,Female,1,2,5,3
35,Male,1,2,5,3
54,Male,1,2,5,3
80,Female,3,1,,1
79,Female,3,1,,1
30,Male,1,0,5,1
59,Female,4,2,5,3
34,Male,1,0,5,3
53,Female,3,2,,1
55,Female,3,2,,1
34,Male,1,2,4,1
23,Female,2,0,,1
46,Female,3,2,,1
28,Male,3,2,,1
21,Female,3,2,,1
22,Male,2,1,,1
26,Male,1,1,4,1
22,Male,1,1,5,6
53,Male,1,1,5,6
38,Female,2,3,5,1
32,Female,2,3,5,1
40,Male,2,3,5,1
20,Male,2,0,1,3
52,Male,2,0,1,3
,Male,5,1,5,3
24,Female,5,1,5,3
27,Male,2,2,,3
45,Female,3,1,3.6,1
18,Female,3,1,3.6,1
19,Male,3,1,3.6,1
65,Female,3,1,3.6,1
73,Male,3,1,3.6,1
45,Female,3,3,4.5,1
36,Male,2,2,,3
37,Male,2,2,,3
27,Female,1,1,,3
27,Female,1,4,4.8,1
56,Male,1,4,4.8,1
51,Female,1,4,4.8,1
32,Male,1,4,4.8,1
42,Female,1,1,5,3
22,Female,2,2,4.5,3
28,Male,2,2,4.5,3
50,Male,4,3,5,1
15,Female,4,3,5,1
35,Female,1,0,5,3
35,Female,2,1,,1
36,Male,1,5,,1
27,Female,2,2,,1
28,Male,2,2,,1
32,Male,1,1,,3
22,Female,1,2,5,3
28,Female,2,2,5,1
59,Male,2,2,5,1
59,Female,2,2,5,1
19,Male,1,1,,1
27,Female,3,2,4.5,3
45,Female,3,2,4.5,3
22,Female,3,2,5,1
22,Male,2,2,3,1
43,Male,2,2,5,1
34,Male,5,7,,3
,Male,5,7,,3
23,Male,2,1,4,3
25,Male,1,1,3.5,1
21,Female,2,1,5,1
39,Male,2,1,5,1
29,Female,1,8,3.3,1
39,Male,2,0,,1
38,Female,2,0,,1
21,Female,1,2,5,1
22,Female,1,2,5,1
49,Female,2,2,5,1
52,Male,2,2,5,1
60,Female,2,2,5,1
30,Male,2,2,5,1
27,Female,3,0,,3
30,Female,4,1,,1
32,Female,4,1,,1
60,Female,4,1,,1
39,Male,3,0,,1
11,Female,2,1,5,1
44,Male,2,1,5,1
38,Male,3,1,,1
27,Male,2,7,4.5,3
26,Female,2,7,4.5,3
24,Female,1,1,3.7,6
,Male,1,1,3.7,6
24,Male,1,1,,3
34,Male,2,1,4,3
27,Female,2,1,4,3
27,Male,1,1,3.7,3
33,Female,1,1,3.7,3
22,Male,2,5,5,3
59,Female,2,5,5,3
33,Male,3,3,5,1
30,Female,3,3,5,1
35,Male,4,13,4.5,1
33,Female,4,13,4.5,1
,Male,4,13,4.5,1
59,Female,4,13,4.5,1
30,Male,4,1,5,1
50,Female,4,1,5,1
33,Female,4,1,5,1
28,Male,4,1,5,1
25,Male,1,2,5,1
32,Male,1,2,5,3
38,Male,2,2,5,3
45,Female,1,1,4,3
34,Male,1,1,4,3
45,Female,2,2,4,6
34,Male,2,2,4,6
20,Male,1,1,,1
52,Female,1,1,,1
51,Male,3,8,5,6
27,Male,3,8,5,6
39,Male,1,2,3.4,1
72,Female,1,2,3.4,1
81,Male,1,2,3.4,1
38,Female,1,2,3.4,1
39,Male,2,1,,1
36,Female,2,1,5,1
42,Female,2,1,5,1
18,Male,2,1,5,1
31,Male,2,1,5,3
50,Female,2,7,4.3,1
33,Female,2,7,4.3,1
29,Female,2,1,,1
26,Female,3,2,5,1
23,Male,4,11,3.7,6
32,Female,4,11,3.7,6
38,Male,4,11,3.7,6
23,Male,2,0,4,1
69,Male,4,3,5,1
67,Female,4,3,5,1
,Male,4,3,5,1
36,Male,4,3,5,1
32,Female,4,3,5,1
35,Male,1,4,4.7,3
,Female,4,4,5,1
39,Female,4,4,5,1
33,Female,4,4,5,1
64,Male,4,4,5,1
,Female,3,1,5,6
27,Female,3,1,5,6
,Male,3,1,5,6
34,Male,3,1,5,6
48,Female,3,1,5,6
44,Female,3,1,5,6
,Female,7,23,5,6
27,Female,7,23,5,6
,Male,7,23,5,6
34,Male,7,23,5,6
48,Female,7,23,5,6
44,Female,7,23,5,6
31,Male,1,4,5,6
27,Female,1,4,5,6
31,Female,6,3,5,3
51,Female,6,3,5,3
64,Male,6,3,5,3
16,Male,1,1,5,1
29,Male,3,0,4,3
33,Female,1,5,5,3
26,Female,1,3,,1
27,Male,1,0,5,3
16,Male,1,1,,1
42,Female,1,1,,1
45,Female,2,0,,1
18,Male,2,0,,1
21,Female,2,0,,1
29,Male,3,2,5,1
31,Female,2,1,,3
34,Female,2,0,,1
23,Male,1,1,3.5,1
30,Male,3,1,5,3
57,Female,2,0,,1
27,Male,2,2,,1
29,Female,2,2,,1
56,Female,2,2,,1
,Male,3,1,,3
52,Female,3,1,,3
31,Male,3,0,,1
39,Female,2,3,4.5,1
,Male,2,1,4.7,3
36,Female,2,1,4.7,3
38,Male,2,1,4.7,3
65,Male,2,1,4.5,1
36,Male,2,1,4.5,1
12,Male,2,1,4.5,1
29,Female,4,2,5,1
37,Female,4,3,,3
50,Female,4,3,,3
24,Female,4,3,,3
28,Female,1,2,,1
35,Male,1,2,,1
69,Female,1,2,,1
33,Male,1,0,4.5,1
27,Male,3,4,4.5,3
43,Female,3,4,4.5,3
,Male,3,4,4.5,3
51,Female,3,4,4.5,3
72,Male,3,1,3,1
,Male,3,1,3,1
23,Female,1,1,5,1
34,Male,1,2,,1
53,Female,2,2,,1
24,Male,2,2,2,3
23,Female,2,2,2,3
55,Female,3,4,4.5,1
61,Male,3,4,4.5,1
39,Male,2,0,1,3
16,Male,2,0,1,3
42,Female,2,0,1,3
35,Male,2,1,4.1,3
65,Male,2,1,4.1,3
58,Female,2,1,4.1,3
34,Female,2,1,4.1,3
35,Male,5,19,4.1,3
65,Male,5,19,4.1,3
58,Female,5,19,4.1,3
34,Female,5,19,4.1,3
27,Female,1,1,,1
23,Male,1,1,5,1
17,Female,1,0,,3
35,Male,2,1,5,1
34,Male,1,2,4.8,3
65,Male,1,2,4.8,3
59,Male,1,0,3,6
34,Male,2,1,,1
21,Male,4,1,,1
40,Male,4,1,,1
20,Female,4,1,,1
25,Female,4,3,1,1
,Male,4,3,1,1
55,Female,4,3,1,1
32,Male,4,3,1,1
58,Male,4,3,1,1
26,Male,1,0,,3
20,Male,1,1,5,3
66,Female,1,1,5,3
74,Male,1,1,5,3
23,Male,2,1,,3
25,Female,2,1,,3
42,Female,2,1,,3
20,Female,5,7,5,1
16,Male,5,7,5,1
47,Male,5,7,5,1
48,Male,5,7,5,1
24,Male,5,7,5,1
32,Male,3,2,1,3
37,Male,1,0,,1
29,Male,1,1,4,3
32,Male,1,0,4,3
79,Female,2,0,,1
23,Male,3,3,4,3
56,Male,3,3,4,3
31,Female,1,4,5,3
28,Male,6,2,4,1
54,Male,3,1,5,3
23,Male,3,1,5,3
31,Male,1,2,,1
44,Male,2,1,,1
33,Female,2,1,,1
40,Female,2,1,,1
45,Male,2,0,,3
37,Female,2,0,,3
27,Male,1,2,,1
49,Female,3,1,,1
56,Male,3,1,,1
37,Female,3,1,,1
42,Female,2,2,,3
30,Female,3,1,5,3
31,Male,3,1,5,3
21,Male,2,0,,6
71,Female,2,0,,6
,Female,2,9,3.8,3
,Female,2,1,3.8,3
41,Female,2,9,3.8,3
41,Female,2,1,3.8,3
34,Male,1,3,5,3
32,Female,1,3,5,3
68,Female,1,3,5,3
,Male,1,3,5,3
65,Male,1,3,5,3
34,Male,4,18,5,1
32,Female,4,18,5,1
68,Female,4,18,5,1
,Male,4,18,5,1
65,Male,4,18,5,1
61,Female,3,3,5,1
12,Male,3,3,5,1
39,Male,3,3,5,1
36,Male,3,3,5,1
66,Male,3,3,5,1
37,Female,3,3,5,1
20,Male,3,3,5,1
25,Female,1,0,4,3
26,Male,1,0,4,3
27,Female,1,1,4.7,3
34,Female,4,1,4,3
56,Female,2,1,5,3
35,Female,2,1,5,3
65,Male,2,1,5,3
56,Female,2,1,5,1
31,Female,2,1,5,1
24,Female,3,3,3,6
24,Male,3,3,3,6
,Male,1,0,2.7,3
,Female,1,0,2.7,3
29,Female,1,0,2.7,3
33,Male,1,0,2.7,3
19,Female,1,1,,1
,Female,1,0,,1
25,Male,2,3,4,3
55,Female,2,3,4,3
32,Female,1,0,,1
56,Male,3,2,5,1
22,Male,3,2,5,1
23,Male,3,2,5,1
28,Female,5,5,5,1
54,Male,5,5,5,1
53,Female,5,5,5,1
24,Male,5,5,5,1
26,Female,5,5,5,1
29,Female,5,5,5,1
27,Female,1,2,1,1
46,Male,2,1,,3
24,Male,2,1,,3
32,Male,4,2,5,1
30,Female,4,2,5,1
26,Male,2,1,5,1
31,Female,1,1,3.5,3
33,Male,1,1,3.5,3
81,Female,1,1,3.5,3
49,Female,1,1,3.5,3
80,Male,2,1,,1
65,Female,2,1,,1
22,Male,2,1,5,1
42,Female,4,2,,3
65,Female,4,2,,3
20,Male,2,1,3,1
47,Female,2,1,3,1
,Male,2,1,3,1
,Male,3,5,4,3
30,Male,3,5,4,3
30,Female,3,5,4,3
34,Female,8,1,,3
35,Male,8,1,,3
26,Female,1,2,5,1
28,Female,1,1,5,1
28,Male,3,1,4.3,3
26,Female,3,1,4.3,3
37,Female,1,2,,1
11,Female,1,2,,1
58,Female,2,2,3,1
21,Female,2,2,3,1
34,Male,2,2,3,1
59,Male,2,2,3,1
32,Female,2,2,3,1
26,Male,2,2,3,1
31,Female,7,4,4.5,1
40,Male,7,4,4.5,1
15,Female,7,4,4.5,1
44,Male,1,2,5,1
49,Male,1,1,5,6
78,Female,1,1,5,6
49,Male,4,6,5,1
78,Female,4,6,5,1
52,Male,1,0,5,1
25,Female,1,0,5,1
24,Male,1,4,4.7,1
30,Female,3,3,5,3
23,Male,1,1,4.5,3
23,Male,1,4,,3
,Female,1,0,5,3
33,Female,1,0,5,3
35,Female,2,2,5,3
26,Female,1,0,5,3
62,Female,2,1,,3
36,Female,2,1,,3
32,Male,5,4,5,1
,Male,5,4,5,1
60,Female,5,4,5,1
21,Female,1,0,2.7,3
26,Female,1,1,2.8,3
80,Female,3,2,,1
18,Male,1,1,,3
20,Female,1,1,,3
11,Female,1,1,,3
47,Male,1,1,,3
25,Female,2,1,5,1
24,Male,1,5,,1
39,Male,2,4,5,1
29,Female,2,4,5,1
22,Female,1,1,5,3
37,Male,1,1,,1
50,Female,1,2,,3
28,Female,1,2,,3
52,Male,1,2,,3
21,Female,1,2,,3
50,Female,5,9,,1
28,Female,5,9,,1
52,Male,5,9,,1
21,Female,5,9,,1
35,Male,2,2,5,1
67,Male,2,0,,3
39,Male,1,1,5,3
,Female,3,5,4.3,1
35,Male,3,5,4.3,1
35,Female,3,5,4.3,1
21,Male,1,2,4,3
19,Female,1,0,5,3
51,Female,3,2,,1
32,Female,3,2,,1
62,Male,3,2,,1
24,Female,3,0,,1
35,Male,3,4,5,1
,Male,3,1,4,1
35,Female,3,0,,1
59,Female,1,0,2.8,3
30,Male,1,0,2.8,3
62,Male,1,0,2.8,3
33,Female,1,0,2.8,3
59,Female,3,5,2.8,3
30,Male,3,5,2.8,3
62,Male,3,5,2.8,3
33,Female,3,5,2.8,3
20,Female,1,1,5,1
55,Female,4,2,,1
58,Male,3,3,5,1
53,Male,3,3,5,1
29,Male,3,1,4,1
28,Female,3,1,4,1
30,Male,1,3,4.4,1
30,Male,1,1,4.4,3
,Male,1,1,5,3
30,Female,1,1,5,3
35,Male,3,11,5,6
,Male,3,11,5,6
30,Female,3,11,5,6
19,Female,1,1,5,3
57,Male,1,1,5,3
26,Female,2,2,,1
24,Male,2,2,,1
42,Male,3,1,5,1
65,Female,3,1,5,1
35,Female,3,1,5,1
28,Female,1,1,4,3
58,Female,1,1,4,3
24,Male,1,2,4.4,3
22,Female,1,2,4.4,3
21,Male,2,2,,1
15,Female,2,2,,1
45,Female,3,2,5,3
46,Male,3,2,5,3
12,Female,3,2,5,3
45,Female,6,9,5,1
46,Male,6,9,5,1
12,Female,6,9,5,1
31,Female,2,1,,1
29,Male,3,2,,1
24,Female,3,2,,1
26,Male,3,2,,1
27,Male,1,0,,3
31,Male,3,2,5,1
38,Female,3,2,5,1
29,Female,3,2,5,1
78,Male,3,0,,3
29,Male,6,0,4,3
25,Female,6,0,4,3
23,Male,1,1,1,1
33,Female,3,3,,3
37,Male,3,3,,3
60,Female,3,3,,3
74,Male,3,3,,3
44,Male,4,2,,1
42,Female,4,2,,1
19,Female,1,0,,3
33,Male,3,0,5,3
,Male,3,0,5,3
33,Male,4,4,5,1
,Male,4,4,5,1
26,Female,1,2,5,3
35,Male,1,0,,3
33,Male,1,1,5,3
39,Male,1,1,5,1
24,Female,1,4,,1
55,Male,2,0,,1
31,Male,2,0,,1
26,Female,2,0,3,3
27,Male,2,0,3,3
18,Male,4,3,5,1
18,Female,4,3,5,1
32,Female,3,3,4,3
63,Female,3,3,4,3
35,Male,3,3,4,3
,Female,3,3,4,3
28,Male,1,2,5,3
25,Male,1,0,5,3
,Female,5,3,5,3
65,Male,5,3,5,3
23,Male,5,3,5,3
38,Male,5,3,5,3
42,Male,5,3,5,3
35,Female,1,1,4,3
41,Female,3,0,,1
66,Female,4,5,5,3
38,Female,4,5,5,3
30,Male,4,5,5,3
27,Male,1,0,2,3
32,Female,1,0,5,3
46,Male,1,0,2,3
45,Male,1,2,,3
16,Male,6,1,4.8,3
13,Male,6,1,4.8,3
46,Male,6,1,4.8,3
69,Male,6,1,4.8,3
24,Female,4,4,3.7,1
44,Female,4,4,3.7,1
36,Male,1,1,3,3
26,Male,3,11,5,3
26,Male,3,2,5,3
25,Female,3,11,5,3
25,Female,3,2,5,3
,Male,2,2,3,1
35,Female,1,0,4,3
25,Male,1,0,5,1
,Female,2,3,5,1
13,Female,2,3,5,1
39,Female,2,3,5,1
25,Male,2,1,,3
56,Male,2,1,,3
23,Male,3,5,4,1
25,Female,3,5,4,1
23,Male,1,0,,3
36,Male,1,3,5,1
26,Female,3,5,4,3
27,Male,3,5,4,3
65,Male,3,5,4,3
62,Female,3,5,4,3
55,Female,1,1,5,1
24,Male,2,2,5,3
38,Male,1,3,,3
33,Female,3,1,,3
47,Female,1,1,3,3
22,Male,1,1,3,3
38,Male,1,2,5,3
,,1,2,5,3
30,Male,3,1,5,1
23,Female,3,1,5,1
24,Male,1,1,4,1
40,Male,2,5,5,1
24,Male,1,2,5,3
24,Female,1,2,5,3
24,Male,1,1,4.1,6
24,Female,1,1,4.1,6
55,Male,1,1,4.1,6
50,Male,1,1,4.1,6
45,Female,1,1,4.1,6
58,Male,1,1,4.1,6
28,Female,1,1,4.1,6
24,Male,7,54,4.1,6
24,Female,7,54,4.1,6
55,Male,7,54,4.1,6
50,Male,7,54,4.1,6
45,Female,7,54,4.1,6
58,Male,7,54,4.1,6
28,Female,7,54,4.1,6
42,Male,1,2,,1
38,Female,1,2,,1
22,Male,1,2,,3
60,Female,1,1,,3
41,Female,1,1,,3
50,Female,1,1,3,6
25,Male,1,1,3,6
22,Female,2,1,,1
17,Female,2,1,,1
21,Male,2,1,,1
37,Male,2,1,3,3
52,Male,1,0,,1
80,Female,4,18,3.8,3
33,Female,4,18,3.8,3
70,Male,4,18,3.8,3
42,Female,4,18,3.8,3
61,Female,4,18,3.8,3
39,Male,4,18,3.8,3
26,Male,2,2,5,3
62,Female,2,2,5,3
23,Male,2,2,5,3
20,Male,2,1,4.5,1
41,Female,2,1,4.5,1
20,Female,2,1,4.5,1
27,Male,1,1,5,3
65,Female,2,2,5,3
58,Female,3,1,5,1
32,Male,3,1,5,1
36,Female,2,1,,6
36,Male,2,1,,6
39,Female,3,1,3,1
40,Male,3,1,3,1
22,Male,1,0,4,3
19,Female,2,1,5,3
34,Female,2,0,,3
53,Male,1,0,,3
25,Male,1,0,,3
17,Male,1,0,,3
50,Female,1,0,,3
85,Male,1,0,,3
27,Male,4,4,5,3
56,Female,4,4,5,3
,Male,4,4,5,3
,,3,1,,1
34,Male,3,1,,1
41,Male,6,3,4,1
60,Female,6,3,4,1
,Male,6,3,4,1
40,Male,2,0,5,3
30,Male,1,2,,1
37,Female,4,1,,1
31,Female,1,9,4.5,1
31,Female,1,0,4.5,3
46,Female,3,0,,1
57,Male,2,1,5,3
52,Female,2,1,5,3
13,Female,1,0,,3
48,Male,1,1,,1
64,Male,3,2,5,1
30,Male,1,7,5,3
30,Male,1,2,5,3
60,Male,1,7,5,3
60,Male,1,2,5,3
25,Female,1,3,4,3
31,Female,1,0,4.3,3
60,Female,1,0,4.3,3
68,Female,1,0,4.3,3
27,Female,3,3,5,3
75,Male,1,1,5,1
30,Male,7,1,3.1,3
58,Male,7,1,3.1,3
26,Female,7,1,3.1,3
55,Female,7,1,3.1,3
28,Female,3,4,5,1
24,Male,1,2,4,1
30,Male,1,1,3.7,3
24,Male,1,6,5,1
24,Male,1,0,5,3
16,Male,1,1,4,3
39,Female,1,1,4,3
18,Male,1,1,4,3
30,Male,1,3,5,1
32,Female,1,1,4.5,3
23,Male,1,1,4.5,1
26,Male,1,1,4.5,1
80,Female,3,0,,1
72,Male,2,0,,1
13,Male,2,0,,1
77,Male,3,1,,1
66,Female,3,1,,1
31,Female,3,1,,1
35,Male,1,3,5,1
32,Female,5,0,,1
64,Female,5,0,,1
53,Female,1,3,4,3
24,Female,1,1,3,1
23,Male,1,1,4.3,3
23,Male,1,1,4.3,6
27,Female,3,1,4.5,3
26,Male,3,1,4.5,3
57,Female,3,1,4.5,3
44,Male,1,1,,1
40,Female,1,1,,1
35,Female,2,1,4.8,3
31,Male,3,1,5,1
13,Male,3,1,5,1
34,Female,1,0,,3
21,Female,4,4,3,1
66,Female,4,4,3,1
65,Male,4,4,3,1
27,Female,1,2,4.5,1
56,Male,2,1,,1
19,Male,4,3,5,3
21,Female,4,3,5,3
18,Male,4,3,5,3
28,Female,3,1,,3
24,Male,1,1,3,3
61,Male,3,1,4.7,1
34,Female,3,1,4.7,1
50,Female,3,1,4.7,1
20,Female,2,1,5,3
24,Female,2,3,4,3
15,Male,2,1,,3
32,Male,2,1,4.7,3
36,Male,2,1,4.7,3
54,Female,2,1,4.7,3
32,Male,5,28,4.7,3
36,Male,5,28,4.7,3
,Male,5,28,4.7,3
54,Female,5,28,4.7,3
15,Male,2,0,,1
19,Female,2,0,,1
22,Male,1,0,5,1
50,Female,1,2,,1
42,Female,3,1,,1
45,Male,3,1,,1
13,Female,3,1,,1
23,Male,1,0,,6
52,Female,1,0,,6
24,Male,1,0,,6
55,Male,1,0,,6
48,Male,1,1,4.5,3
18,Female,1,0,4.7,3
25,Male,1,0,4.7,3
32,Male,3,1,,1
53,Female,1,1,,3
53,Male,1,1,,3
29,Male,3,1,4.5,1
18,Male,3,1,4.5,1
33,Female,2,0,4.6,3
32,Male,2,0,4.6,3
22,Female,2,0,4.6,3
52,Male,1,1,5,3
47,Female,1,1,5,3
24,Male,1,1,5,3
55,Male,2,1,,1
23,Female,1,5,5,3
16,Female,1,5,5,3
59,Male,3,1,5,1
29,Female,3,1,5,1
27,Male,2,1,5,1
29,Male,1,0,4,3
62,Female,1,0,4,3
22,Female,2,1,5,3
28,Male,2,1,5,3
29,Male,1,3,4.5,1
25,Female,2,2,5,3
26,Male,1,1,4.7,3
27,Female,2,1,4.7,3
29,Male,2,1,4.7,3
24,Male,2,1,4.7,3
53,Female,2,1,4.7,3
23,Male,1,1,3,1
41,Male,1,0,,6
40,Male,4,1,,3
39,Male,3,1,,1
67,Female,3,1,,1
33,Female,4,1,,1
65,Female,4,1,,1
35,Female,5,1,,3
35,Male,5,1,,3
45,Female,2,1,5,1
51,Male,2,1,5,1
36,Male,1,1,,1
21,Male,3,5,4.7,3
29,Female,3,5,4.7,3
53,Female,3,5,4.7,3
22,Male,3,5,4.7,3
22,Male,2,1,4.3,3
23,Male,2,1,4.3,3
21,Female,2,1,4.3,3
31,Male,1,2,5,1
23,Female,3,0,,1
45,Male,1,1,4.5,1
65,Male,1,0,5,3
30,Female,3,1,4.3,1
30,Male,3,1,4.3,1
74,Female,2,0,,1
27,Female,1,1,5,3
71,Male,1,0,,1
52,Female,3,1,4.5,1
84,Female,3,1,4.5,1
32,Female,1,1,4,1
42,Male,1,1,4,1
33,Male,1,1,4,1
65,Male,4,2,5,1
37,Male,4,2,5,1
32,Female,4,2,5,1
13,Female,1,0,,1
26,Female,2,4,2.8,6
52,Female,2,4,2.8,6
26,Male,3,3,4,3
49,Female,3,3,4,3
68,Female,3,3,4,3
25,Male,3,3,4,3
37,Male,2,0,,1
29,Female,2,1,1,3
40,Female,2,1,5,1
50,Male,2,2,,1
40,Female,2,2,,1
39,Male,1,1,,1
36,Male,2,1,4,1
35,Female,2,1,4,1
19,Female,2,1,,1
30,Male,2,1,,1
45,Female,4,4,4.7,1
27,Female,4,4,4.7,1
36,Male,4,4,4.7,1
,Male,4,4,4.7,1
34,Female,1,1,,3
27,Male,1,2,5,3
33,Male,3,1,4.7,3
,Male,3,1,4.7,3
26,Male,2,0,5,3
25,Female,2,0,5,3
26,Male,4,3,2.7,1
33,Male,1,0,3,1
28,Male,3,3,,1
38,Female,2,2,5,3
31,Male,2,4,3.7,3
29,Female,2,4,3.7,3
52,Female,1,1,5,3
25,Female,1,1,5,3
80,Female,1,1,5,3
29,Female,6,11,5,1
52,Female,6,11,5,1
27,Male,6,11,5,1
25,Female,6,11,5,1
80,Female,6,11,5,1
26,Female,1,3,4,1
25,Male,1,3,5,1
34,Female,1,2,,1
,Male,7,1,4.5,6
38,Male,7,1,4.5,6
,Female,7,1,4.5,6
35,Female,7,1,4.5,6
,Male,3,2,,3
62,Male,3,2,,3
,Female,2,4,3.5,3
36,Female,2,4,3.5,3
35,Male,2,4,3.5,3
24,Male,1,1,4.5,1
28,Female,2,2,5,3
28,Female,2,1,4.5,3
39,Male,1,2,4,3
26,Male,2,1,4.5,1
31,Female,3,1,3.5,1
39,Female,1,0,,3
28,Male,3,1,5,1
28,Female,3,1,5,1
16,Male,2,1,5,1
47,Male,4,0,,6
31,Male,1,2,3,1
28,Male,1,0,4,3
42,Male,1,1,5,1
26,Male,1,0,5,3
21,Male,1,1,3,1
54,Male,1,2,4,1
27,Female,1,2,4,1
24,Female,2,1,,1
27,Female,1,0,,1
29,Female,3,3,4,1
29,Male,3,3,4,1
,Female,3,3,4,1
46,Male,2,1,,1
23,Male,2,5,4.6,1
24,Female,2,5,4.6,1
24,Male,2,5,4.6,1
45,Female,2,5,4.6,1
28,Male,2,5,4.6,1
32,Male,1,2,5,1
61,Female,1,0,,1
29,Male,2,1,2.7,3
53,Female,2,1,2.7,3
62,Female,1,0,,1
50,Male,2,0,,1
29,Female,1,0,4,3
59,Female,2,0,,1
24,Female,4,1,5,3
53,Female,2,1,,1
33,Male,3,1,,1
15,Male,1,1,,1
22,Female,1,1,,1
25,Female,1,1,5,1
51,Female,1,1,5,1
59,Female,2,1,5,1
29,Male,3,2,4,1
,Male,3,2,4,1
25,Female,3,2,4,1
50,Female,1,2,5,1
19,Female,1,2,5,1
52,Female,2,1,,1
24,Male,1,0,3,6
50,Female,1,0,3,6
25,Male,1,0,3,6
26,Female,3,6,5,1
24,Female,3,6,5,1
35,Male,3,6,5,1
31,Female,1,0,,3
36,Female,1,0,,1
65,Female,1,0,,1
11,Male,1,0,,1
24,Male,2,0,5,3
36,Male,4,3,4.5,1
58,Female,4,3,4.5,1
12,Female,4,3,4.5,1
33,Female,1,0,4,3
,Female,1,0,4,3
35,Male,1,0,4,3
46,Female,3,1,5,3
26,Female,3,1,5,3
17,Male,1,1,5,1
24,Female,2,0,5,3
56,Male,4,2,5,1
54,Female,4,2,5,1
24,Male,4,2,5,1
45,Female,4,2,5,1
29,Male,4,2,5,1
51,Male,1,1,4,1
37,Male,1,1,3,1
35,Female,1,1,3,1
51,Female,3,0,5,1
34,Male,1,3,3,1
47,Female,2,5,4.5,3
50,Female,2,5,4.5,3
30,Male,2,5,4.5,3
21,Male,1,1,5,1
41,Male,2,1,5,3
34,Male,2,0,,3
26,Male,1,6,5,1
51,Female,1,1,5,3
28,Male,1,4,,3
26,Female,2,1,4.5,1
32,Male,2,1,4.5,1
,Male,2,1,4.5,1
61,Male,2,1,,1
21,Male,1,3,5,1
30,Male,4,0,5,1
,Female,4,0,5,1
29,Female,1,1,5,1
40,Male,1,1,,3
13,Female,2,1,5,1
22,Male,2,2,5,1
53,Female,2,1,4.8,3
30,Female,2,1,4.8,3
28,Female,1,0,,1
48,Male,2,0,5,3
70,Female,2,0,5,3
21,Male,2,1,4.5,1
22,Female,2,1,4.5,1
36,Male,2,1,5,1
27,Male,1,0,5,6
50,Female,1,0,5,6
25,Female,1,6,5,1
33,Female,3,1,5,1
33,Male,1,0,4.3,3
,Male,1,0,4.3,3
35,Female,1,0,4.3,3
58,Female,1,0,4.3,3
42,Female,2,1,5,3
30,Female,2,1,4,1
60,Female,2,1,4,1
41,Male,2,1,4,1
53,Male,2,1,5,1
23,Female,2,2,5,1
26,Male,2,2,5,1
43,Male,1,0,5,3
24,Male,1,4,5,1
13,Male,2,2,,1
35,Male,1,4,,1
21,Male,1,0,,1
29,Female,2,1,5,3
49,Female,2,1,5,3
59,Male,2,1,5,3
23,Female,1,2,4.5,1
36,Male,2,0,4.8,3
24,Female,2,0,4.8,3
,Female,2,0,4.8,3
21,Male,2,4,3,1
44,Male,2,4,3,1
20,Male,1,1,3.7,1
43,Male,1,1,4,3
65,Female,1,1,4,3
11,Male,1,1,4,3
58,Male,1,1,,1
28,Female,1,5,4.5,1
11,Male,3,1,,1
29,Male,1,0,3,3
19,Male,1,1,4,1
27,Male,1,3,5,1
22,Male,2,1,2.7,1
50,Female,2,1,2.7,1
27,Female,1,4,3,3
31,Male,1,4,3,3
53,Female,1,4,3,3
62,Female,1,3,,1
30,Male,1,3,,1
27,Female,1,3,,1
26,Female,2,6,5,1
43,Male,2,1,,1
28,Female,1,2,5,3
19,Male,2,1,5,1
63,Male,2,1,5,1
19,Female,2,1,5,1
55,Female,2,1,5,1
21,Female,1,1,3.6,1
11,Male,6,1,,1
34,Female,6,1,,1
26,Female,6,1,,1
28,Male,6,1,,1
,,3,0,,3
22,Female,1,1,5,1
53,Male,1,1,5,1
37,Female,2,0,5,1
32,Male,2,0,5,1
30,Female,2,2,,3
30,Male,2,2,,3
23,Female,2,2,,3
17,Female,4,0,,3
75,Male,4,0,,3
54,Male,4,0,,3
24,Female,4,0,,3
45,Female,4,0,,3
25,Female,1,1,3,3
19,Female,1,1,3,3
23,Female,1,1,3,3
41,Male,1,1,5,1
38,Female,1,1,5,1
23,Female,3,2,5,1
57,Male,3,2,5,1
65,Female,3,2,5,1
56,Female,3,2,5,1
37,Male,1,1,4.7,3
60,Female,1,0,,1
41,Male,1,0,,1
30,Female,1,2,3.5,1
33,Female,3,0,,1
72,Male,3,0,,1
35,Male,1,1,,1
30,Male,4,1,,1
44,Female,1,0,5,3
18,Male,1,1,5,1
70,Female,3,1,,1
76,Male,3,1,,1
20,Male,1,1,4.3,1
22,Male,1,1,4.3,1
21,Male,1,4,4,1
63,Female,1,0,,1
49,Female,1,1,5,3
73,Male,6,3,5,1
32,Female,6,3,5,1
27,Female,6,3,5,1
30,Male,6,3,5,1
39,Female,1,0,5,6
37,Female,1,0,,1
15,Female,1,1,4,1
32,Male,1,9,5,3
33,Male,1,2,5,3
23,Male,2,2,4,3
36,Male,2,0,5,3
24,Female,3,1,5,1
28,Female,1,1,5,3
27,Female,2,1,3,1
58,Female,2,5,,3
30,Male,2,5,,3
36,Male,2,1,5,3
66,Male,4,0,,1
39,Male,1,0,5,3
21,Female,2,1,4,1
21,Male,2,1,4,1
50,Female,3,1,5,1
42,Female,2,2,,1
22,Female,1,0,4,1
18,Male,1,4,4,1
29,Female,1,0,5,1
33,Male,1,0,5,1
30,Male,1,1,4.5,1
66,Male,4,1,5,1
32,Male,4,1,5,1
26,Female,4,1,5,1
70,Male,1,3,2.5,3
59,Female,2,3,5,3
24,Female,2,3,5,3
44,Male,2,3,5,3
26,Female,3,4,4,1
26,Male,3,4,4,1
50,Female,3,4,4,1
68,Male,2,0,,1
32,Male,3,1,5,3
24,Female,4,1,,1
58,Female,4,1,,1
24,Male,4,1,,1
33,Male,1,1,5,1
59,Male,1,0,,1
26,Male,2,2,,1
53,Female,1,0,5,6
56,Male,1,0,5,6
40,Male,1,0,5,1
28,Male,1,1,5,1
36,Female,3,1,,1
48,Male,1,3,,6
30,Female,1,3,,6
13,Male,1,3,,6
,Female,1,3,,6
63,Female,6,0,5,3
32,Male,6,0,5,3
29,Female,6,0,5,3
60,Male,6,0,5,3
54,Female,1,2,,3
23,Female,1,2,,3
33,Male,3,1,,3
31,Female,3,1,5,1
67,Male,2,0,,1
23,Female,2,1,4.7,1
53,Female,2,1,4.7,1
21,Male,2,1,4.7,1
,Female,4,4,4.9,1
27,Female,4,4,4.9,1
,Male,4,4,4.9,1
32,Male,4,4,4.9,1
45,Male,4,4,4.9,1
41,Male,1,2,,6
32,Female,1,0,5,6
32,Male,1,0,4.5,3
21,Female,2,3,5,1
29,Male,1,2,1,1
21,Male,3,2,5,1
44,Female,3,2,5,1
30,Female,1,0,5,3
35,Male,1,1,,3
61,Female,1,1,,3
26,Female,3,4,5,1
25,Male,3,4,5,1
44,Female,2,0,5,3
49,Male,2,1,5,3
,,2,1,5,3
71,Female,2,1,5,3
31,Male,1,1,4.5,1
19,Female,3,2,4.6,1
29,Female,3,2,4.6,1
28,Female,3,2,4.6,1
35,Female,1,1,5,1
38,Male,1,1,5,1
36,Female,1,1,5,1
61,Male,1,1,5,1
,Male,4,3,,1
25,Male,4,3,,1
62,Male,4,3,,1
64,Female,2,0,,1
75,Female,3,1,5,1
33,Male,1,0,5,3
26,Male,1,0,5,1
27,Male,1,0,5,1
28,Male,1,0,5,1
60,Female,1,0,5,1
62,Female,1,0,5,1
59,Female,3,4,5,1
40,Female,3,4,5,1
38,Male,3,4,5,1
36,Female,3,4,5,1
29,Male,1,0,5,1
26,Female,1,0,5,1
42,Female,1,1,,3
28,Female,2,0,5,1
29,Male,2,0,5,1
38,Female,1,1,,3
57,Female,1,1,5,1
64,Male,2,0,,1
32,Female,1,5,3,1
,Female,1,5,3,1
36,Male,1,5,3,1
69,Female,3,2,,3
45,Female,3,2,,3
25,Male,3,2,,3
55,Male,3,2,,3
22,Female,3,2,,3
24,Female,1,0,5,1
45,Female,2,0,5,1
23,Male,1,0,4,1
68,Female,1,0,,6
39,Male,1,0,,6
32,Male,1,0,5,1
18,Female,2,0,,3
15,Female,2,0,,3
80,Male,2,0,,3
39,Male,1,1,5,6
33,Female,2,1,4.5,3
37,Male,2,1,4.5,3
,Male,2,1,4.5,3
11,Male,3,0,,1
56,Female,2,1,,1
30,Female,1,1,5,1
62,Female,3,2,,1
63,Male,3,2,,1
26,Female,3,2,,1
20,Female,1,0,,1
,Female,1,2,3.6,3
27,Female,1,2,3.6,3
33,Female,1,1,5,1
29,Female,1,2,5,3
76,Male,1,0,5,1
41,Male,1,0,5,1
21,Male,1,0,4,1
41,Male,2,2,,1
32,Female,2,2,,1
23,Male,1,0,4.5,1
44,Male,1,0,4.5,1
28,Female,1,1,4.5,1
24,Male,1,0,1,1
29,Male,1,0,4,1
26,Male,1,2,5,1
52,Male,3,0,,1
16,Male,3,0,,1
80,Male,3,0,,1
22,Female,1,0,5,1
34,Male,1,0,5,1
33,Male,1,2,4.3,3
37,Male,3,1,5,1
36,Female,3,1,5,1
28,Male,1,2,1,1
24,Female,1,2,1,1
28,Female,1,1,4,1
29,Male,1,1,4,1
23,Female,1,1,4.5,1
28,Male,1,1,4.5,1
74,Male,4,4,5,1
41,Male,4,4,5,1
27,Male,1,1,3,1
35,Female,2,0,5,1
14,Male,2,0,5,1
41,Male,1,3,,1
44,Female,3,1,5,1
48,Female,1,1,5,1
24,Male,1,1,4.7,1
24,Female,1,1,4.7,1
43,Male,2,1,5,1
38,Female,2,1,4.7,1
14,Male,2,1,4.7,1
12,Female,2,1,4.7,1
18,Female,3,1,,1
30,Female,2,3,5,1
30,Male,2,3,5,1
33,Female,5,2,5,1
35,Male,5,2,5,1
33,Male,2,1,,1
16,Female,2,1,,1
40,Male,3,2,,1
38,Female,3,2,,1
32,Female,1,0,4,1
26,Female,1,0,4.5,3
19,Female,3,0,,1
40,Female,2,2,4.5,1
23,Male,2,2,4.5,1
21,Female,2,2,4.5,1
53,Female,1,0,,1
20,Male,1,0,5,1
26,Male,1,0,1,1
29,Female,1,0,4.5,1
25,Female,2,2,5,1
43,Male,2,3,,3
36,Male,2,3,,3
33,Female,2,3,,3
,Female,2,3,,3
34,Female,1,0,,1
27,Male,3,2,5,1
45,Female,3,2,5,1
37,Male,3,4,5,3
12,Female,3,4,5,3
,Male,3,4,5,3
52,Female,2,0,4,1
41,Male,3,2,,1
19,Female,3,2,,1
14,Male,3,2,,1
66,Male,2,2,5,1
24,Female,2,0,5,1
28,Male,2,0,5,1
22,Male,3,0,4.3,1
40,Female,3,0,4.3,1
31,Male,1,2,4,1
62,Male,3,1,,3
55,Female,3,1,,3
26,Male,1,4,5,3
18,Female,1,4,5,3
40,Female,1,4,5,3
,Male,2,2,,3
27,Female,2,2,,3
26,Male,1,3,5,1
21,Female,3,1,5,1
43,Female,3,1,5,1
26,Female,2,1,5,1
67,Male,2,2,,3
29,Female,3,1,,3
34,Male,3,1,,3
54,Female,2,1,5,1
61,Female,1,0,5,6
38,Male,1,0,5,6
26,Female,2,0,,3
22,Male,1,0,2,1
47,Female,3,2,4,3
27,Female,3,2,4,3
25,Male,3,2,4,3
26,Female,1,0,,3
21,Female,1,0,5,3
34,Female,1,0,4,1
34,Female,2,0,5,3
44,Male,2,0,5,3
33,Male,2,0,3,1
60,Female,1,1,5,3
61,Male,1,1,5,3
50,Female,5,1,5,1
,Male,5,1,5,1
31,Female,5,1,5,1
36,Male,2,0,4,1
38,Male,2,1,5,1
40,Male,1,1,5,1
31,Female,1,0,5,1
36,Male,1,0,5,1
20,Male,1,0,4.5,1
47,Female,1,0,4.5,1
46,Male,1,1,5,1
21,Male,1,1,2,1
26,Female,1,1,2,1
26,Male,1,1,2,1
63,Male,1,0,5,1
57,Female,2,1,,1
29,Female,1,0,4,1
36,Female,2,0,,1
32,Male,2,2,5,1
39,Female,3,1,4,1
41,Male,3,1,4,1
55,Female,1,0,3,1
33,Female,1,0,3,1
,Male,3,3,3.5,3
55,Male,3,3,3.5,3
,Female,3,3,3.5,3
29,Male,3,3,3.5,3
27,Female,1,0,1,1
32,Male,1,2,4.5,1
20,Female,1,1,1,1
53,Female,1,1,1,1
26,Female,1,0,4,1
27,Male,1,0,4,1
36,Female,1,2,,3
42,Female,1,1,5,1
46,Male,1,0,5,1
36,Female,2,0,1,1
,Male,2,0,1,1
36,Male,2,0,1,1
32,Male,4,0,,1
53,Male,5,1,5,1
28,Male,5,1,5,1
25,Female,4,2,5,1
26,Male,4,2,5,1
21,Male,3,1,5,1
18,Male,1,0,5,1
,,4,0,,3
36,Male,2,0,5,1
19,Male,1,3,3,1
21,Male,1,0,4.5,1
21,Female,1,0,4.5,1
19,Female,1,1,5,1
56,Female,3,1,5,1
32,Female,3,1,5,1
18,Female,3,1,5,1
38,Female,3,1,5,1
43,Male,3,1,5,1
20,Male,3,1,5,1
18,Female,1,0,,1
21,Male,4,3,,3
48,Female,4,3,,3
50,Male,4,3,,3
29,Female,3,0,,3
75,Male,1,0,5,3
50,Male,1,0,5,3
48,Male,1,0,,1
46,Female,1,1,5,1
90,Male,2,1,,3
59,Male,2,1,,3
25,Male,1,1,4,1
65,Male,1,1,4,1
24,Male,1,0,3,1
24,Male,1,0,4.5,1
32,Male,1,0,4,1
28,Male,1,3,5,1
,Male,1,1,,1
26,Female,1,6,5,3
25,Female,1,1,,3
29,Male,1,4,,3
32,Female,1,4,,3
30,Male,1,4,,3
33,Male,3,1,5,1
55,Female,3,1,5,1
56,Female,3,2,,1
24,Male,1,0,5,1
59,Male,1,2,5,1
50,Female,2,0,5,1
14,Female,2,0,5,1
25,Male,2,1,,1
29,Male,2,5,3.7,3
27,Male,2,5,3.7,3
69,Male,2,0,4,1
42,Male,1,0,5,3
29,Male,2,2,,1
31,Male,2,2,,1
56,Male,2,2,,1
39,Male,1,1,4,1
28,Male,1,1,3.4,1
33,Male,1,1,3.4,1
26,Female,1,1,3.4,1
20,Male,1,1,5,1
24,Male,2,2,5,1
51,Female,2,2,5,1
54,Female,2,1,5,3
33,Male,1,2,,1
43,Male,2,0,5,1
62,Male,2,0,5,1
55,Female,2,0,5,1
21,Female,1,0,5,1
26,Male,1,0,4.5,1
35,Male,1,0,5,1
15,Male,1,0,3,1
13,Female,1,1,5,1
63,Male,1,1,5,1
39,Female,4,3,,3
40,Male,4,3,,3
70,Male,4,3,,3
13,Female,4,3,,3
41,Female,1,1,5,1
18,Female,1,1,5,1
75,Male,1,0,,1
43,Female,1,0,,1
24,Male,3,0,5,1
18,Female,3,0,5,1
51,Male,3,0,5,1
19,Female,3,0,5,1
31,Male,1,0,5,1
27,Female,3,1,5,3
33,Male,3,1,5,3
21,Female,3,1,5,3
45,Female,3,1,5,3
52,Male,3,1,5,3
22,Female,3,1,5,3
29,Male,3,1,5,3
42,Male,2,0,,1
23,Male,2,1,5,1
73,Female,2,3,5,1
20,Male,2,3,5,1
18,Male,1,0,,6
24,Female,1,0,,6
50,Female,1,0,,6
15,Female,2,1,,1
18,Female,2,1,,1
49,Female,2,1,,1
54,Male,2,1,,1
30,Female,1,1,3,1
22,Male,3,2,,3
50,Female,3,2,,3
23,Female,3,2,,3
80,Male,1,0,,1
50,Male,1,0,4,1
45,Female,1,0,4,1
,Male,1,0,4,1
29,Male,2,1,,3
35,Male,1,1,4.3,1
43,Male,1,0,5,1
18,Male,3,0,,1
40,Male,3,1,,1
31,Female,3,0,,1
,Male,1,0,4.5,1
41,Female,1,0,4.5,1
18,Male,2,2,4,1
19,Female,2,2,4,1
24,Female,2,0,3,1
20,Female,3,1,,1
69,Male,3,0,,1
32,Male,3,0,,1
44,Male,1,1,,3
29,Female,1,0,5,3
21,Female,1,0,4,1
60,Male,3,2,,1
60,Female,3,2,,1
16,Female,1,1,5,1
19,Male,1,0,4.5,1
,Male,1,0,,3
57,Female,1,1,4.7,1
63,Male,1,1,4.7,1
29,Female,1,1,4.7,1
30,Male,1,1,4.7,1
29,Male,1,1,4.7,1
53,Male,3,2,1,1
48,Female,3,2,1,1
29,Male,3,2,1,1
24,Female,3,2,1,1
42,Male,2,3,5,1
35,Female,1,0,,1
27,Female,3,1,5,1
63,Male,3,0,,1
,Female,4,1,5,1
40,Male,4,1,5,1
13,Male,4,1,5,1
38,Female,4,1,5,1
21,Male,1,0,5,1
55,Female,1,1,,1
28,Male,1,0,4,1
52,Male,1,1,5,1
29,Male,2,1,4.8,1
55,Female,2,1,4.8,1
,Male,2,1,4.8,1
20,Male,2,1,4.8,1
31,Male,2,1,4.8,1
28,Female,2,1,4.8,1
34,Female,2,1,4.8,1
32,Female,2,1,4.8,1
30,Male,2,1,4.8,1
30,Female,1,0,5,1
72,Male,1,0,,1
49,Female,1,0,,1
61,Male,2,0,,1
23,Male,1,2,4,3
56,Female,1,2,4,3
,Male,2,1,3.7,1
34,Female,2,1,3.7,1
36,Male,2,1,3.7,1
25,Male,1,1,4.5,1
27,Male,1,1,4.5,1
30,Female,1,2,5,1
52,Male,3,1,,1
32,Female,3,1,,1
75,Male,2,3,,1
55,Female,2,3,,1
31,Male,2,3,,1
74,Male,2,3,,1
60,Female,2,3,,1
16,Female,2,1,5,1
44,Male,1,1,5,1
54,Male,2,0,,3
21,Male,2,2,5,1
21,Female,2,0,4.5,1
29,Male,2,0,,3
66,Male,1,0,,1
66,Female,2,2,5,3
70,Male,2,2,5,3
22,Female,2,2,5,3
37,Male,2,2,5,3
31,Female,5,1,,1
34,Male,5,1,,1
27,Male,2,0,5,1
25,Male,1,1,4.5,3
19,Male,1,0,4.3,1
62,Male,1,0,4.3,1
50,Female,1,0,4.3,1
29,Female,1,0,,3
34,Female,3,2,5,1
37,Male,3,2,5,1
34,Male,2,1,,3
27,Male,1,1,1,3
24,Female,1,1,1,3
50,Female,2,1,,1
90,Female,3,1,,1
36,Male,1,1,5,3
21,Male,1,2,,1
22,Male,1,2,,1
24,Female,1,2,,1
20,Male,1,2,,3
21,Male,1,2,,3
26,Female,3,0,,1
51,Male,2,0,,1
36,Female,3,2,,1
82,Male,2,0,,1
65,Male,1,1,,1
25,Female,4,3,5,1
35,Male,4,3,5,1
,Female,4,3,5,1
58,Male,1,0,,1
39,Female,1,0,,1
38,Female,1,1,5,6
41,Male,1,1,5,6
60,Male,1,1,5,3
35,Female,2,2,5,1
20,Male,2,0,,1
27,Male,2,0,,3
26,Male,2,1,4,1
56,Female,2,2,,3
23,Male,1,0,4,3
25,Male,1,1,3,1
49,Female,3,2,,1
47,Female,3,2,,1
75,Female,3,2,,1
57,Male,4,1,5,1
26,Male,4,1,5,1
50,Female,2,1,5,1
75,Female,2,1,5,1
53,Female,1,1,5,1
25,Male,1,3,4.5,1
24,Female,1,3,4.5,1
18,Female,2,0,,1
28,Male,1,0,2,1
46,Female,2,1,5,1
23,Male,1,0,3,3
39,Female,2,1,,3
36,Female,2,0,5,1
61,Male,2,2,5,1
40,Male,2,2,5,1
15,Male,2,2,5,1
42,Female,2,2,5,1
33,Female,1,3,,1
,Male,1,3,,1
35,Male,1,3,,1
62,Male,1,0,4,1
28,Male,1,2,5,1
30,Female,1,1,4.3,1
31,Female,4,1,,1
,Female,1,2,1,1
64,Male,1,2,1,1
34,Male,1,2,1,1
47,Female,1,0,4,1
28,Female,1,0,4,1
42,Male,5,2,3,3
11,Male,5,2,3,3
58,Female,1,0,5,1
61,Male,3,1,,1
58,Male,2,1,,1
38,Female,1,0,,1
37,Male,2,0,,3
43,Female,1,0,5,1
30,Female,3,2,5,1
52,Male,2,2,4,1
60,Male,1,2,4,1
30,Female,3,4,5,1
31,Male,3,2,,1
42,Female,1,11,4,1
59,Female,3,1,,1
36,Male,3,1,,1
26,Female,1,1,4.3,1
26,Male,1,1,4.3,1
18,Female,1,0,5,1
32,Male,2,0,,3
65,Female,1,1,5,1
26,Female,4,1,,1
29,Male,4,1,,1
20,Female,1,0,5,1
21,Female,1,1,3,1
39,Male,3,2,,1
68,Female,3,2,,1
68,Male,3,2,,1
22,Female,2,0,5,1
61,Female,1,0,5,1
11,Male,5,3,,1
40,Male,5,3,,1
26,Female,3,5,,3
50,Female,3,5,,3
20,Female,2,0,,1
34,Male,1,1,,1
31,Male,5,3,,1
25,Male,5,3,,1
26,Female,5,3,,1
50,Male,3,0,5,1
30,Male,3,0,5,1
28,Female,3,0,5,1
,Male,3,0,5,1
21,Female,3,0,5,1
48,Female,3,0,5,1
54,Female,3,1,5,1
32,Female,1,0,5,1
,Female,1,0,5,1
59,Male,1,0,5,1
32,Male,1,3,5,1
11,Female,3,2,5,3
42,Male,3,2,5,3
24,Male,1,0,4,1
,Female,1,1,5,1
37,Female,2,0,3,1
76,Female,2,0,,1
58,Male,2,0,,1
19,Male,2,0,,1
26,Male,2,0,,1
36,Male,3,3,,1
59,Male,3,3,,1
56,Female,3,3,,1
35,Female,3,3,,1
64,Male,4,0,4.5,1
50,Female,4,0,4.5,1
25,Female,1,2,,3
34,Female,1,3,5,3
21,Female,1,0,,1
60,Male,2,5,4,1
27,Male,2,5,4,1
46,Male,3,1,,1
54,Male,1,1,,3
36,Female,1,1,4,1
38,Male,1,1,4,1
37,Male,1,0,3,1
38,Male,2,1,,1
77,Male,2,1,,1
,Female,2,0,4,1
29,Female,4,4,,1
70,Female,4,4,,1
51,Female,4,4,,1
46,Male,2,2,,3
17,Male,2,2,,3
45,Female,2,2,,3
58,Female,2,0,,1
66,Male,1,1,,1
31,Male,1,3,5,1
25,Female,1,2,5,1
56,Female,1,2,5,1
30,Male,1,2,5,1
70,Male,1,2,5,1
18,Female,2,0,5,1
52,Female,2,1,5,1
24,Female,1,0,,3
67,Male,1,2,,1
29,Male,1,0,1,1
29,Female,2,0,5,1
57,Male,2,3,5,1
29,Male,2,3,5,1
50,Female,2,3,5,1
14,Female,1,0,5,3
,Male,1,0,5,1
57,Female,1,0,,1
29,Female,2,2,,3
58,Female,2,2,,3
20,Female,5,2,,3
15,Female,5,2,,3
17,Male,5,2,,3
40,Female,5,2,,3
70,Male,3,3,5,3
36,Female,3,3,5,3
31,Male,1,1,,3
48,Male,1,0,,3
88,Male,3,0,,3
80,Female,3,0,,3
50,Male,3,0,,3
25,Male,1,2,,1
38,Male,1,0,1,1
,Male,4,1,,1
25,Female,5,2,,1
,Male,5,2,,1
32,Female,5,2,,1
24,Female,1,2,5,1
62,Female,2,0,,1
22,Male,1,0,4.5,1
24,Male,2,0,,3
45,Female,1,0,5,1
60,Female,3,1,1,1
25,Female,3,1,1,1
25,Male,3,2,5,1
23,Male,2,2,5,1
38,Male,2,2,5,1
55,Male,2,2,5,1
36,Male,7,1,,1
,Male,7,1,,1
36,Male,4,4,,3
,Male,4,4,,3
,Female,4,4,,3
57,Female,3,3,,1
26,Female,3,3,,1
25,Male,3,3,,1
,Male,5,3,,3
68,Female,5,3,,3
12,Female,5,3,,3
32,Female,1,0,,3
34,Female,1,0,5,1
25,Female,2,0,,3
32,Female,1,1,5,1
57,Male,2,1,,1
44,Male,1,0,5,1
60,Male,1,1,,1
34,Female,2,2,,1
65,Male,2,2,,1
26,Male,3,1,,3
73,Male,3,3,5,3
22,Female,1,2,,1
35,Female,1,0,5,1
31,Female,1,2,,3
25,Female,1,0,4,1
,Female,1,2,,1
61,Female,1,2,,1
59,Female,2,0,5,1
33,Male,2,0,5,1
66,Male,2,0,5,1
31,Female,2,0,5,1
25,Female,1,4,,3
42,Male,3,1,,1
70,Male,1,1,,1
30,Female,1,1,,3
,Female,2,0,5,1
29,Female,3,0,,6
,Female,3,0,,6
58,Male,3,0,,6
52,Female,3,0,,6
19,Female,1,0,,1
65,Male,1,2,,1
38,Male,1,2,,1
44,Male,3,1,,1
27,Female,2,1,,3
81,Male,2,0,,1
30,Male,3,1,,3
60,Male,3,1,,3
58,Female,3,1,,3
64,Male,3,1,,3
45,Male,4,1,,3
36,Female,4,1,,3
,Male,4,1,,3
27,Female,4,1,,3
52,Male,2,0,,3
20,Female,1,0,,3
33,Male,3,4,,1
31,Female,3,4,,1
,Female,3,4,,1
50,Male,3,4,,1
31,Female,3,2,,1
27,Male,4,2,,1
85,Male,4,2,,1
75,Female,4,2,,1
63,Female,2,0,,1
52,Female,3,2,,3
75,Female,3,2,,3
20,Male,3,2,,3
76,Female,3,2,,3
29,Female,1,2,,1
34,Female,7,0,,1
34,Male,7,0,,1
60,Female,7,0,,1
30,Female,3,2,,3
70,Male,3,2,,3
25,Male,5,4,,1
24,Female,5,4,,1
45,Male,5,4,,1
59,Male,5,4,,1
25,Male,3,2,,1
60,Male,3,1,,1
51,Male,3,1,,1
60,Female,2,1,,1
70,Male,2,1,,1
37,Male,1,2,,1
58,Male,3,1,,1
50,Female,3,0,,1
55,Male,3,0,,1
29,Female,2,1,,3
20,Male,2,1,,1
22,Female,3,1,,1
62,Male,3,1,,1
55,Female,2,1,,3
30,Female,2,1,,3
19,Male,3,1,,1
79,Male,3,1,,1
38,Male,1,1,,1
70,Female,1,2,,1
47,Female,2,1,,3
42,Female,2,0,,1
49,Female,2,0,,1
60,Female,2,1,,3
34,Female,4,2,,1
19,Male,1,2,,3
48,Female,2,1,,1
70,Female,2,0,,1
51,Male,1,2,,3
41,Male,1,1,,1
14,Female,1,1,,1
24,Male,2,0,,1
64,Male,7,3,,1
66,Male,7,3,,1
27,Female,7,3,,1
,Male,7,3,,1
26,Female,7,3,,1
,Female,7,3,,1
19,Male,7,3,,1
28,Male,7,3,,1
62,Male,1,0,,1
54,Male,1,1,,1
29,Male,1,2,,3
16,Female,3,3,,1
67,Male,3,3,,1
29,Male,3,3,,1
29,Female,3,3,,1
30,Female,3,3,,1
44,Female,3,3,,1
85,Male,3,3,,1
40,Female,4,1,,3
15,Female,4,1,,3
33,Female,3,1,,1
62,Female,3,1,,1
36,Female,3,1,,3
42,Male,3,1,,3
80,Male,3,2,,1
32,Female,1,1,,1
37,Female,1,1,,1
38,Female,2,1,,1
59,Female,2,1,,3
65,Male,2,1,,3
24,Female,1,2,,3
58,Female,5,2,,3
24,Female,5,2,,3
52,Female,2,1,,3
39,Female,1,1,,1
41,Female,1,1,,1
40,Male,1,1,,1
40,Male,2,0,,3
42,Female,2,0,,3
41,Male,2,0,,3
,Female,1,1,,3
34,Male,4,2,,1
34,Male,2,0,,1
65,Male,1,0,,1
47,Female,2,0,,1
54,Male,2,0,,1
50,Male,3,2,,1
83,Male,3,2,,1
60,Male,2,0,,3
30,Male,2,0,,3
31,Male,3,4,,3
60,Female,3,4,,3
31,Female,3,4,,3
59,Female,1,1,,1
27,Male,4,1,,1
40,Female,4,1,,1
12,Female,1,2,,1
36,Female,1,1,,1
45,Male,1,1,,3
43,Male,1,1,,1
34,Male,1,0,,3
62,Female,2,2,,3
68,Male,2,2,,3
33,Female,3,3,,1
39,Male,1,1,,3
44,Female,3,2,,1
12,Male,3,2,,1
20,Male,3,2,,1
18,Female,3,2,,1
48,Male,3,2,,1
40,Female,3,2,,1
58,Female,1,1,,1
36,Male,1,2,,3
32,Female,1,2,,3
45,Female,1,2,,3
,Female,5,1,,3
72,Female,5,1,,3
76,Male,5,1,,3
49,Male,1,0,,1
38,Male,1,1,,3
54,Male,2,1,,3
72,Female,1,0,,1
13,Female,2,0,,1
17,Female,1,1,,1
65,Male,1,1,,3
41,Male,1,2,,1
49,Female,1,1,,3
61,Male,1,0,,1
80,Female,2,1,,3
39,Male,2,1,,3
62,Male,2,1,,1
68,Male,2,1,,1
33,Female,1,1,,3
33,Male,1,1,,3
44,Female,1,0,,1
62,Male,2,0,,1
16,Female,1,0,,1
58,Female,1,0,,1
55,Male,1,0,,1
27,Female,3,1,,3
14,Male,3,1,,3
34,Male,2,2,,1
,Female,2,2,,1
66,Male,2,0,,1
68,Female,3,1,,1
38,Female,3,1,,1
43,Male,1,0,,1
78,Female,1,0,,1
63,Female,3,2,,1
35,Male,3,1,,1
35,Female,3,1,,1
42,Male,1,1,,3
36,Male,1,1,,3
45,Female,2,2,,1
47,Female,2,2,,1
18,Female,2,2,,1
16,Male,2,2,,1
49,Female,2,2,,1
42,Female,2,3,,6
,Male,2,3,,6
37,Male,2,3,,6
61,Female,2,1,,3
45,Female,2,0,,3
75,Female,2,0,,3
68,Male,3,1,,1
79,Male,3,2,,1
65,Male,1,2,,3
58,Female,3,2,,1
29,Female,3,2,,1
34,Female,3,2,,1
50,Female,3,1,,3
39,Female,1,1,,3
56,Female,1,1,,3
,Male,1,2,,1
42,Male,1,0,,3
46,Female,1,0,,3
41,Female,2,1,,3
38,Male,2,1,,3
73,Male,2,1,,3
39,Female,2,1,,1
68,Male,1,1,,3
62,Female,1,1,,3
51,Female,2,1,,3
73,Male,2,1,,1
31,Male,3,3,,1
28,Female,3,4,,3
50,Female,3,4,,3
72,Male,3,4,,3
67,Female,2,0,,3
74,Male,1,0,,3
32,Male,1,0,,6
21,Female,1,0,,6
63,Male,1,0,,6
21,Male,3,4,,1
22,Male,3,4,,1
24,Male,3,4,,1
22,Female,3,4,,1
51,Male,1,1,,1
51,Female,1,0,,1
53,Male,4,0,,1
31,Female,1,1,,3
43,Female,1,1,,3
50,Male,1,1,,3
73,Male,3,1,,1
35,Male,1,3,,3
36,Male,1,3,,3
37,Male,1,3,,3
46,Female,2,1,,1
41,Male,1,2,,3
31,Female,1,3,,3
26,Male,1,3,,1
16,Female,1,3,,1
,Female,3,2,,3
44,Female,3,2,,3
33,Male,3,2,,3
27,Female,1,2,,3
32,Male,1,2,,1
55,Female,1,2,,3
56,Female,1,2,,3
69,Female,3,1,,1
29,Female,1,4,,3
63,Male,2,1,,1
25,Male,1,3,,1
45,Female,3,1,,1
49,Female,1,1,,1
62,Male,2,1,,3
57,Female,3,1,,1
47,Male,1,1,,1
57,Male,1,1,,3
67,Female,1,2,,3
68,Male,1,2,,3
37,Male,1,2,,3
,Male,1,2,,3
15,Male,1,0,,1
27,Male,1,1,,3
49,Male,1,1,,1
67,Female,2,3,,1
65,Male,2,3,,1
25,Female,2,3,,1
51,Female,2,2,,1
61,Male,2,2,,1
18,Male,2,2,,3
22,Female,2,2,,3
54,Male,2,2,,3
43,Female,2,2,,3
43,Male,2,3,,1
30,Male,4,1,,3
45,Male,1,1,,1
40,Female,4,3,,1
42,Male,4,3,,1
39,Female,4,3,,1
63,Female,4,3,,1
65,Male,4,3,,1
68,Female,1,2,,1
12,Female,3,0,,1
65,Female,2,0,,1
25,Female,5,1,,1
,Male,5,1,,1
35,Male,5,1,,1
27,Female,5,1,,1
64,Male,2,1,,1
65,Female,3,2,,3
42,Male,3,2,,3
17,Female,3,2,,3
38,Female,3,2,,3
38,Male,1,0,,3
45,Male,3,2,,3
16,Female,3,2,,3
61,Female,3,1,,1
54,Female,1,0,,1
17,Male,1,1,,1
38,Female,1,1,,1
68,Male,1,0,,1
61,Female,2,1,,1
52,Female,2,0,,1
72,Male,1,1,,1
32,Female,3,4,,1
50,Female,3,4,,1
37,Female,2,2,,1
37,Male,2,2,,1
55,Male,5,2,,3
39,Female,5,2,,3
22,Male,5,2,,3
21,Male,5,2,,3
43,Male,5,2,,3
57,Female,2,1,,3
31,Female,2,0,,1
36,Male,2,2,,1
55,Male,2,2,,1
50,Female,2,2,,1
35,Male,2,1,,1
32,Female,2,0,,3
33,Female,2,3,,1
63,Male,2,3,,1
,Male,2,3,,1
82,Female,1,0,,1
16,Male,1,0,,1
56,Female,2,0,,1
50,Female,2,0,,3
32,Male,6,13,,1
62,Female,6,13,,1
62,Male,6,13,,1
31,Female,6,13,,1
74,Female,1,0,,1
33,Male,1,0,,3
73,Female,1,1,,3
57,Female,3,2,,3
51,Male,1,0,,1
58,Male,1,1,,3
56,Male,2,0,,1
19,Male,2,0,,3
40,Male,2,0,,1
64,Female,2,1,,1
36,Male,3,2,,1
55,Male,3,2,,1
34,Male,3,2,,1
56,Male,3,2,,1
13,Male,2,1,,3
35,Male,3,3,,3
,Male,3,3,,3
30,Female,3,3,,3
13,Female,2,1,,1
70,Female,3,2,,1
35,Male,3,2,,1
35,Female,3,2,,1
12,Male,2,0,,1
11,Female,1,0,,1
53,Male,2,0,,1
25,Female,1,2,,1
86,Female,1,1,,1
57,Male,3,1,,1
47,Male,2,1,,1
60,Female,2,2,,1
69,Male,2,0,,1
57,Male,3,3,,1
36,Female,2,1,,1
17,Female,2,0,,1
65,Male,2,0,,1
60,Female,1,1,,1
56,Male,1,0,,1
80,Male,2,1,,3
78,Male,3,1,,1
36,Male,4,1,,3
58,Female,4,1,,3
,Female,4,1,,3
73,Female,5,1,,1
53,Male,5,1,,1
46,Female,5,1,,1
11,Female,5,1,,1
46,Male,1,0,,1
37,Male,3,1,,1
32,Female,1,2,,1
64,Female,4,1,,1
36,Male,4,1,,1
63,Female,4,1,,1
29,Female,4,1,,1
64,Male,1,1,,3
64,Female,1,1,,3
42,Female,3,2,,1
13,Female,3,2,,1
78,Female,1,1,,1
63,Female,1,1,,1
53,Male,1,0,,1
84,Male,2,1,,3
21,Male,3,1,,1
80,Female,2,1,,1
21,Male,1,1,,3
82,Male,1,0,,1
45,Male,2,0,,1
50,Female,1,0,,1
59,Female,1,1,,3
58,Male,3,0,,1
70,Male,2,0,,1
86,Male,2,0,,1
83,Male,3,0,,1
14,Male,1,0,,1
,Male,4,3,,3
85,Female,1,0,,1
51,Female,2,0,,1
47,Male,2,2,,3
43,Male,3,1,,1
36,Male,3,0,,1
20,Female,1,2,,3
55,Female,1,1,,3
36,Male,1,2,,1
57,Male,2,1,,3
70,Female,2,1,,3
58,Female,3,1,,1
25,Male,3,1,,1
39,Female,3,1,,1
28,Male,2,1,,3
55,Male,2,1,,3
90,Male,3,1,,1
66,Female,2,0,,1
45,Female,3,2,,1
53,Female,2,0,,1
27,Female,3,3,,6
,Female,3,3,,6
33,Male,3,3,,6
37,Male,2,1,,3
35,Female,2,1,,3
67,Female,2,1,,1
76,Female,2,1,,1
63,Female,2,1,,1
42,Female,2,1,,1
38,Male,2,2,,1
33,Male,5,0,,3
62,Female,5,0,,3
34,Female,5,0,,3
,Male,5,0,,3
25,Male,2,3,,1
43,Female,2,3,,1
70,Female,2,2,,1
33,Female,1,2,,1
61,Male,1,1,,1
17,Male,1,0,,1
72,Male,2,1,,1
70,Female,1,1,,1
64,Male,1,0,,1
51,Male,2,2,,3
77,Female,1,0,,1
35,Female,1,2,,1
17,Male,1,1,,3
14,Male,1,0,,3
44,Male,1,0,,3
23,Female,1,3,,1
23,Male,3,1,,1
56,Male,1,1,,1
38,Male,2,0,,1
59,Male,2,0,,1
49,Female,1,0,,3
51,Male,1,0,,3
48,Female,5,1,,1
26,Female,5,1,,1
21,Female,1,1,,3
27,Male,3,2,,3
22,Male,3,1,,1
20,Female,2,1,,1
62,Female,1,0,,3
51,Female,1,1,,1
28,Male,1,3,,1
72,Female,6,1,,1
,Female,6,1,,1
37,Male,6,1,,1
45,Male,2,2,,3
39,Female,2,2,,3
66,Female,2,2,,3
57,Female,1,1,,1
68,Male,1,1,,1
31,Male,1,4,,1
39,Female,4,0,,1
31,Female,2,2,,3
26,Male,1,0,,6
56,Male,3,3,,3
31,Female,3,3,,3
29,Female,4,2,,1
35,Female,1,0,,6
35,Female,6,0,,3
22,Female,3,2,,1
51,Female,1,0,,3
30,Female,2,3,,1
77,Male,2,0,,1
32,Male,1,1,,6
33,Female,1,1,,6
17,Male,2,1,,1
65,Female,3,4,,3
42,Male,3,4,,3
24,Female,2,1,,3
58,Female,3,2,,3
36,Male,3,2,,3
26,Male,1,4,,3
52,Female,1,1,,3
59,Male,3,1,,1
51,Female,5,4,,1
26,Female,5,4,,1
78,Male,1,0,,1
70,Male,1,0,,1
61,Female,1,1,,1
42,Male,1,1,,1
54,Male,3,1,,1
24,Male,1,2,,3
62,Male,4,1,,1
23,Male,4,1,,1
61,Female,4,1,,1
52,Female,2,2,,3
24,Male,2,2,,3
39,Male,3,3,,3
,Female,3,3,,3
33,Female,1,2,,3
50,Female,2,3,,1
26,Female,2,3,,1
31,Female,2,0,,3
88,Male,1,0,,1
30,Female,3,2,,1
50,Female,1,1,,1
21,Male,1,0,,3
39,Male,4,1,,1
26,Male,1,2,,1
23,Male,3,0,,1
29,Male,3,0,,1
27,Female,2,3,,1
30,Male,3,3,,3
32,Female,3,3,,3
34,Female,3,3,,3
32,Male,2,2,,3
57,Male,1,1,,1
41,Male,2,3,,3
60,Male,2,3,,3
30,Male,1,2,,3
11,Male,2,0,,1
25,Male,1,2,,3
24,Female,3,4,,1
25,Male,3,4,,1
64,Male,3,4,,1
40,Male,2,2,,1
33,Male,2,2,,1
56,Female,3,1,,1
43,Male,2,0,,1
17,Male,2,0,,1
74,Male,2,0,,1
,Female,3,3,,1
70,Female,3,3,,1
38,Male,3,3,,1
37,Female,3,3,,1
72,Female,3,3,,1
39,Male,1,2,,1
85,Male,3,1,,1
75,Female,3,1,,1
33,Female,1,0,,6
32,Female,1,0,,6
73,Female,2,1,,1
42,Female,1,0,,3
38,Female,3,1,,3
38,Male,3,1,,3
20,Male,3,1,,3
11,Male,3,1,,3
17,Female,3,1,,3
32,Male,3,2,,1
47,Female,1,1,,3
33,Male,1,2,,3
,Female,1,2,,3
38,Male,1,2,,3
17,Male,1,2,,3
54,Female,1,1,,1
27,Male,1,5,,3
50,Female,2,2,,3
25,Male,2,2,,3
37,Male,1,1,,3
59,Male,2,1,,1
49,Male,2,1,,1
69,Female,1,0,,1
72,Male,2,0,,3
56,Female,3,0,,1
24,Male,3,2,,3
42,Male,6,1,,3
39,Male,1,2,,3
72,Male,3,1,,1
30,Female,2,2,,1
60,Male,1,0,,3
14,Male,2,1,,1
79,Male,2,1,,1
39,Male,3,1,,3
66,Male,3,1,,3
33,Female,3,4,,1
37,Male,3,4,,1
72,Male,1,0,,3
38,Female,1,0,,3
59,Female,1,0,,1
26,Male,2,1,,3
45,Male,2,1,,3
56,Female,2,1,,3
57,Male,2,3,,1
53,Female,2,3,,1
69,Male,1,1,,1
37,Male,1,0,,3
47,Female,3,2,,3
21,Female,3,2,,3
32,Female,2,4,,1
30,Female,2,4,,1
60,Male,1,1,,3
80,Female,2,2,,1
73,Male,4,2,,1
38,Female,1,2,,3
29,Female,8,1,,3
28,Male,8,1,,3
41,Female,2,0,,1
59,Male,4,1,,1
70,Female,4,1,,1
55,Female,4,1,,1
55,Female,3,3,,3
20,Female,2,2,,3
26,Male,3,4,,3
35,Female,3,4,,3
45,Female,3,4,,3
27,Male,3,4,,3
23,Female,3,2,,1
83,Female,2,2,,1
31,Male,4,4,,1
28,Male,4,4,,1
26,Female,4,4,,1
24,Female,4,4,,1
62,Female,2,2,,1
66,Male,2,2,,1
31,Female,2,2,,1
25,Female,1,0,,3
23,Female,1,0,,3
35,Male,1,2,,3
34,Male,2,3,,3
,Male,2,3,,3
74,Male,3,1,,3
65,Female,1,1,,1
66,Female,2,1,,1
37,Female,1,1,,3
53,Female,2,1,,6
16,Male,2,1,,1
59,Male,3,2,,1
72,Female,3,2,,1
15,Female,1,0,,1
34,Male,5,2,,3
31,Female,5,2,,3
13,Female,5,2,,3
,Male,5,2,,3
26,Male,3,3,,1
19,Female,4,3,,3
60,Female,4,3,,3
80,Female,2,0,,3
11,Female,3,2,,1
17,Male,3,2,,1
29,Male,2,2,,3
11,Female,2,1,,1
59,Female,3,0,,1
35,Male,3,0,,1
60,Male,3,0,,1
13,Female,5,1,,1
51,Female,5,1,,1
32,Female,5,1,,1
69,Female,3,0,,1
21,Male,1,5,,1
34,Female,3,0,,1
71,Male,2,1,,1
52,Male,2,1,,1
23,Male,1,1,,3
12,Female,4,1,,3
39,Female,4,1,,3
50,Male,4,1,,3
32,Female,1,1,,3
28,Female,2,0,,6
63,Female,1,1,,3
49,Female,3,1,,3
50,Male,3,1,,3
59,Male,2,1,,6
29,Male,2,1,,6
28,Female,2,1,,6
82,Female,1,1,,1
19,Male,3,2,,1
52,Female,1,0,,3
53,Female,1,3,,1
52,Female,1,3,,1
24,Male,1,3,,1
75,Female,1,0,,1
84,Female,2,0,,1
64,Female,1,0,,1
80,Female,1,0,,1
67,Male,1,1,,1
46,Female,2,2,,3
33,Male,2,2,,3
42,Male,2,2,,1
34,Female,1,4,,1
25,Male,1,4,,1
46,Female,1,4,,1
83,Male,2,0,,1
25,Female,1,3,,1
40,Female,1,3,,1
36,Male,2,4,,3
34,Female,2,4,,3
30,Female,1,2,,3
15,Male,2,1,,1
15,Female,1,1,,1
45,Female,2,3,,3
23,Female,2,3,,3
27,Male,2,3,,3
71,Male,4,0,,1
54,Female,1,1,,3
14,Male,1,1,,1
37,Male,3,1,,3
69,Male,3,1,,3
73,Male,2,0,,1
67,Male,1,0,,1
75,Female,2,0,,1
71,Female,3,1,,1
77,Male,3,0,,1
50,Male,3,0,,1
69,Female,2,0,,1
30,Male,3,2,,3
56,Male,3,2,,3
22,Female,1,3,,1
66,Male,2,1,,3
71,Male,2,1,,3
30,Male,1,3,,3
87,Female,2,0,,1
21,Female,5,1,,1
67,Female,5,1,,1
32,Female,2,2,,3
36,Female,2,2,,3
60,Male,2,2,,3
60,Female,3,0,,1
29,Female,5,0,,1
14,Female,5,0,,1
49,Female,5,0,,1
49,Male,5,0,,1
11,Female,1,1,,6
38,Male,1,1,,6
73,Female,1,1,,6
61,Male,2,1,,3
35,Male,3,2,,3
48,Female,3,2,,3
34,Female,3,2,,3
69,Female,2,1,,6
43,Male,2,1,,6
75,Female,1,1,,1
36,Female,2,2,,1
39,Male,2,2,,1
70,Male,1,1,,3
20,Female,1,2,,1
50,Male,1,2,,1
21,Female,1,0,,3
22,Female,1,0,,3
18,Female,1,1,,1
12,Female,3,2,,1
27,Male,3,2,,1
32,Male,2,3,,1
58,Female,2,2,,1
42,Female,1,0,,1
18,Male,1,1,,1
20,Female,2,1,,3
68,Female,1,0,,1
42,Female,3,1,,3
21,Male,3,1,,3
19,Male,2,2,,1
44,Female,2,2,,1
64,Female,1,2,,3
18,Female,3,0,,1
58,Female,3,0,,1
66,Female,1,1,,1
54,Male,4,1,,1
48,Female,2,0,,3
25,Male,2,0,,3
24,Female,2,0,,3
35,Female,3,1,,3
64,Male,1,2,,1
46,Female,2,0,,1
70,Female,1,0,,1
65,Female,1,0,,3
33,Male,6,0,,1
,Female,6,0,,1
43,Female,1,2,,1
,Male,4,2,,3
35,Female,4,2,,3
66,Male,1,1,,3
57,Male,1,2,,1
14,Female,1,0,,1
33,Female,2,2,,3
63,Male,1,0,,1
17,Female,1,0,,1
63,Male,4,1,,1
35,Female,4,1,,1
46,Female,3,2,,3
13,Female,3,2,,3
50,Male,1,0,,3
69,Male,1,0,,1
85,Male,1,0,,1
32,Male,4,1,,3
32,Female,4,1,,3
27,Male,2,1,,3
58,Female,2,0,,3
44,Female,1,1,,1
52,Male,4,2,,1
50,Female,4,2,,1
51,Female,4,2,,1
22,Male,1,3,,1
21,Female,1,3,,1
68,Female,2,0,,1
60,Male,1,2,,3
40,Male,1,3,,1
26,Female,2,4,,3
24,Male,1,2,,1
89,Female,1,0,,1
79,Female,1,1,,3
13,Male,1,1,,3
52,Male,3,2,,3
30,Male,4,4,,1
56,Male,4,4,,1
67,Male,3,2,,1
59,Male,3,4,,3
76,Female,3,4,,3
24,Male,3,4,,3
37,Male,3,4,,3
99,Male,2,0,,1
67,Female,1,0,,1
11,Female,1,1,,1
19,Male,4,2,,1
52,Female,4,2,,1
66,Female,1,0,,1
41,Female,1,0,,1
21,Male,2,0,,1
11,Male,1,1,,1
55,Female,1,0,,3
74,Female,3,0,,1
11,Male,1,1,,3
67,Female,1,1,,3
76,Male,1,0,,1
33,Female,2,1,,6
78,Female,2,1,,1
61,Male,2,2,,3
17,Female,1,1,,3
72,Male,4,2,,3
70,Male,4,2,,3
62,Female,4,2,,3
27,Male,6,0,,6
30,Male,6,0,,6
54,Female,6,0,,6
85,Male,3,3,,3
52,Male,3,3,,3
73,Female,1,0,,3
53,Female,3,1,,3
38,Male,3,2,,3
65,Male,3,2,,3
37,Female,1,0,,3
71,Female,2,0,,3
82,Female,2,0,,1
76,Female,1,0,,1
59,Female,2,0,,3
33,Female,2,2,,1
20,Male,1,2,,1
39,Female,1,2,,1
49,Male,1,2,,1
83,Male,1,0,,1
60,Female,1,0,,3
75,Male,2,0,,3
79,Male,2,0,,1
90,Female,2,0,,1
44,Female,2,0,,1
